Redirect from,Redirect to
"/contact-us","/pages/contact"
"/index.php/contact-us","/pages/contact"
"/2023/11/30/ked-m098","/products/ked-m098"
"/index.php/2023/11/30/ked-m098","/products/ked-m098"
"/2024/04/20/kepler-electronics-company-profile","/pages/about"
"/index.php/2024/04/20/kepler-electronics-company-profile","/pages/about"
"/2024/04/20/mama-shelter-hotel-accor","/pages/mama-shelter-hotel-accor"
"/index.php/2024/04/20/mama-shelter-hotel-accor","/pages/mama-shelter-hotel-accor"
"/2024/04/22/smart-switches-p-series-kzig-p-xg","/products/smart-switches-p-series-kzig-p-xg"
"/index.php/2024/04/22/smart-switches-p-series-kzig-p-xg","/products/smart-switches-p-series-kzig-p-xg"
"/2023/10/09/lroc-40x-room-controller","/products/lroc-40x-room-controller"
"/index.php/2023/10/09/lroc-40x-room-controller","/products/lroc-40x-room-controller"
"/2023/10/09/lroc-102-room-controller","/products/lroc-102-room-controller"
"/index.php/2023/10/09/lroc-102-room-controller","/products/lroc-102-room-controller"
"/2024/04/02/l-vis-touch-panels","/products/l-vis-touch-panels"
"/index.php/2024/04/02/l-vis-touch-panels","/products/l-vis-touch-panels"
"/2024/04/02/glass-l-vis-touch-panels","/products/glass-l-vis-touch-panels"
"/index.php/2024/04/02/glass-l-vis-touch-panels","/products/glass-l-vis-touch-panels"
"/2024/04/22/kepler-g-series-kzig-g-xg","/products/kepler-g-series-kzig-g-xg"
"/index.php/2024/04/22/kepler-g-series-kzig-g-xg","/products/kepler-g-series-kzig-g-xg"
"/2023/10/08/loytec-lpad-7","/products/loytec-lpad-7"
"/index.php/2023/10/08/loytec-lpad-7","/products/loytec-lpad-7"
"/2024/09/16/kzig-ir","/products/kzig-ir"
"/index.php/2024/09/16/kzig-ir","/products/kzig-ir"
"/2024/10/28/kzig-1g-gs","/products/kzig-1g-gs"
"/index.php/2024/10/28/kzig-1g-gs","/products/kzig-1g-gs"
"/2024/10/28/kzig-f8","/products/kzig-f8"
"/index.php/2024/10/28/kzig-f8","/products/kzig-f8"
"/2024/10/28/kzig-1g-g","/products/kzig-1g-g"
"/index.php/2024/10/28/kzig-1g-g","/products/kzig-1g-g"
"/2024/10/28/kzig-2g-gs","/products/kzig-2g-gs"
"/index.php/2024/10/28/kzig-2g-gs","/products/kzig-2g-gs"
"/2024/10/28/kzig-3g-gs","/products/kzig-3g-gs"
"/index.php/2024/10/28/kzig-3g-gs","/products/kzig-3g-gs"
"/2023/10/10/l-dali","/products/l-dali"
"/index.php/2023/10/10/l-dali","/products/l-dali"
"/2024/04/04/dali-2","/resources/dali-2"
"/index.php/2024/04/04/dali-2","/resources/dali-2"
"/2024/04/20/residence-inn-by-marriot","/pages/residence-inn-by-marriot"
"/index.php/2024/04/20/residence-inn-by-marriot","/pages/residence-inn-by-marriot"
"/2024/04/20/regalia-tower-deyaar","/pages/regalia-tower-deyaar"
"/index.php/2024/04/20/regalia-tower-deyaar","/pages/regalia-tower-deyaar"
"/2024/04/20/miramar-hotel-al-fujairah","/pages/miramar-hotel-al-fujairah"
"/index.php/2024/04/20/miramar-hotel-al-fujairah","/pages/miramar-hotel-al-fujairah"
"/2024/04/20/platinum-hotel-dubai","/pages/platinum-hotel-dubai"
"/index.php/2024/04/20/platinum-hotel-dubai","/pages/platinum-hotel-dubai"
"/2024/04/20/dubai-expo-2020","/pages/dubai-expo-2020"
"/index.php/2024/04/20/dubai-expo-2020","/pages/dubai-expo-2020"
"/2024/04/20/dmcc-uptown-dubai-accor","/pages/dmcc-uptown-dubai-accor"
"/index.php/2024/04/20/dmcc-uptown-dubai-accor","/pages/dmcc-uptown-dubai-accor"
"/2024/04/20/sharjah-sustainable-city-villas","/pages/sharjah-sustainable-city-villas"
"/index.php/2024/04/20/sharjah-sustainable-city-villas","/pages/sharjah-sustainable-city-villas"
"/2024/04/20/baniyas-shopping-centre","/pages/baniyas-shopping-centre"
"/index.php/2024/04/20/baniyas-shopping-centre","/pages/baniyas-shopping-centre"
"/2024/04/20/azizi-riviera","/pages/azizi-riviera"
"/index.php/2024/04/20/azizi-riviera","/pages/azizi-riviera"
"/2024/04/20/azizi-creek-view-2","/pages/azizi-creek-view-2"
"/index.php/2024/04/20/azizi-creek-view-2","/pages/azizi-creek-view-2"
"/2024/04/20/the-holey-mosque-mekkah","/pages/the-holey-mosque-mekkah"
"/index.php/2024/04/20/the-holey-mosque-mekkah","/pages/the-holey-mosque-mekkah"
"/2024/04/20/neom-mountain-base","/pages/neom-mountain-base"
"/index.php/2024/04/20/neom-mountain-base","/pages/neom-mountain-base"
"/2024/04/20/neom-5k-10k-resorts","/pages/neom-5k-10k-resorts"
"/index.php/2024/04/20/neom-5k-10k-resorts","/pages/neom-5k-10k-resorts"
"/2024/04/20/kaab-dahran-facilities-shelters","/pages/kaab-dahran-facilities-shelters"
"/index.php/2024/04/20/kaab-dahran-facilities-shelters","/pages/kaab-dahran-facilities-shelters"
"/2024/04/21/lusail-palace","/pages/lusail-palace"
"/index.php/2024/04/21/lusail-palace","/pages/lusail-palace"
"/2024/04/21/al-udeid-air-base","/pages/al-udeid-air-base"
"/index.php/2024/04/21/al-udeid-air-base","/pages/al-udeid-air-base"
"/2024/04/21/prince-hmaza-hospital","/pages/prince-hmaza-hospital"
"/index.php/2024/04/21/prince-hmaza-hospital","/pages/prince-hmaza-hospital"
"/2024/04/21/ministry-of-digital-economy-and-entrepreneur-ship","/pages/ministry-of-digital-economy-and-entrepreneur-ship"
"/index.php/2024/04/21/ministry-of-digital-economy-and-entrepreneur-ship","/pages/ministry-of-digital-economy-and-entrepreneur-ship"
"/2024/04/21/prizm-casablanca","/pages/prizm-casablanca"
"/index.php/2024/04/21/prizm-casablanca","/pages/prizm-casablanca"
"/2024/04/21/student-center-ben-guerir","/pages/student-center-ben-guerir"
"/index.php/2024/04/21/student-center-ben-guerir","/pages/student-center-ben-guerir"
"/2024/04/21/saint-regis-tamuda-hotel-mdiq","/pages/saint-regis-tamuda-hotel-mdiq"
"/index.php/2024/04/21/saint-regis-tamuda-hotel-mdiq","/pages/saint-regis-tamuda-hotel-mdiq"
"/2024/04/21/hilton-conrad-arzana","/pages/hilton-conrad-arzana"
"/index.php/2024/04/21/hilton-conrad-arzana","/pages/hilton-conrad-arzana"
"/2024/04/23/international","/pages/international"
"/index.php/2024/04/23/international","/pages/international"
"/2024/04/21/king-mohd-vi-tower-o-tower","/pages/king-mohd-vi-tower-o-tower"
"/index.php/2024/04/21/king-mohd-vi-tower-o-tower","/pages/king-mohd-vi-tower-o-tower"
"/2024/04/21/anfa-place-mall","/pages/anfa-place-mall"
"/index.php/2024/04/21/anfa-place-mall","/pages/anfa-place-mall"
"/2024/04/07/trending-historic-data-logging","/resources/trending-historic-data-logging"
"/index.php/2024/04/07/trending-historic-data-logging","/resources/trending-historic-data-logging"
"/2024/04/02/dvs-110w02-3sfp-managed-industrial-ethernet-switch","/products/dvs-110w02-3sfp-managed-industrial-ethernet-switch"
"/index.php/2024/04/02/dvs-110w02-3sfp-managed-industrial-ethernet-switch","/products/dvs-110w02-3sfp-managed-industrial-ethernet-switch"
"/2024/04/02/dvs-008i00-unmanaged-fast-ethernet-switch","/products/dvs-008i00-unmanaged-fast-ethernet-switch"
"/index.php/2024/04/02/dvs-008i00-unmanaged-fast-ethernet-switch","/products/dvs-008i00-unmanaged-fast-ethernet-switch"
"/2024/04/28/k1231","/products/k1231"
"/index.php/2024/04/28/k1231","/products/k1231"
"/2024/04/28/kdmx-splitter","/products/kdmx-splitter"
"/index.php/2024/04/28/kdmx-splitter","/products/kdmx-splitter"
"/2024/04/27/kdali-rm-4ch","/products/kdali-rm-4ch"
"/index.php/2024/04/27/kdali-rm-4ch","/products/kdali-rm-4ch"
"/2024/04/27/kdali-rm-1ch","/products/kdali-rm-1ch"
"/index.php/2024/04/27/kdali-rm-1ch","/products/kdali-rm-1ch"
"/2024/04/27/kdali-rm-10v","/products/kdali-rm-10v"
"/index.php/2024/04/27/kdali-rm-10v","/products/kdali-rm-10v"
"/2024/04/25/kdali-ph-1ch","/products/kdali-ph-1ch"
"/index.php/2024/04/25/kdali-ph-1ch","/products/kdali-ph-1ch"
"/2024/04/24/kdali-2b-p","/products/kdali-2b-p"
"/index.php/2024/04/24/kdali-2b-p","/products/kdali-2b-p"
"/2024/04/24/kdali-4b-p","/products/kdali-4b-p"
"/index.php/2024/04/24/kdali-4b-p","/products/kdali-4b-p"
"/2024/04/24/kdali-6b-p","/products/kdali-6b-p"
"/index.php/2024/04/24/kdali-6b-p","/products/kdali-6b-p"
"/2024/04/24/kdali-8b-p","/products/kdali-8b-p"
"/index.php/2024/04/24/kdali-8b-p","/products/kdali-8b-p"
"/2024/04/24/kdali-2b-m","/products/kdali-2b-m"
"/index.php/2024/04/24/kdali-2b-m","/products/kdali-2b-m"
"/2024/04/24/kdali-4b-m","/products/kdali-4b-m"
"/index.php/2024/04/24/kdali-4b-m","/products/kdali-4b-m"
"/2024/04/24/kdali-2b-p-pro","/products/kdali-2b-p-pro"
"/index.php/2024/04/24/kdali-2b-p-pro","/products/kdali-2b-p-pro"
"/2024/04/24/kdali-6b-p-pro","/products/kdali-6b-p-pro"
"/index.php/2024/04/24/kdali-6b-p-pro","/products/kdali-6b-p-pro"
"/2024/04/23/kdali-8b-p-pro","/products/kdali-8b-p-pro"
"/index.php/2024/04/23/kdali-8b-p-pro","/products/kdali-8b-p-pro"
"/2024/04/23/kdali-4b-p-pro","/products/kdali-4b-p-pro"
"/index.php/2024/04/23/kdali-4b-p-pro","/products/kdali-4b-p-pro"
"/2024/04/23/kdali-8b-m","/products/kdali-8b-m"
"/index.php/2024/04/23/kdali-8b-m","/products/kdali-8b-m"
"/2024/04/23/kdali-pbi","/products/kdali-pbi"
"/index.php/2024/04/23/kdali-pbi","/products/kdali-pbi"
"/2024/04/22/presence-sensor-ke-occ-24d","/products/presence-sensor-ke-occ-24d"
"/index.php/2024/04/22/presence-sensor-ke-occ-24d","/products/presence-sensor-ke-occ-24d"
"/2024/04/23/kdali-4b-g","/products/kdali-4b-g"
"/index.php/2024/04/23/kdali-4b-g","/products/kdali-4b-g"
"/2024/04/24/kdali-6b-g","/products/kdali-6b-g"
"/index.php/2024/04/24/kdali-6b-g","/products/kdali-6b-g"
"/2024/04/24/kdali-8b-g","/products/kdali-8b-g"
"/index.php/2024/04/24/kdali-8b-g","/products/kdali-8b-g"
"/2024/04/25/kdali-master-1ch","/products/kdali-master-1ch"
"/index.php/2024/04/25/kdali-master-1ch","/products/kdali-master-1ch"
"/2024/04/28/kdali-pir","/products/kdali-pir"
"/index.php/2024/04/28/kdali-pir","/products/kdali-pir"
"/2024/04/28/kdali-mw","/products/kdali-mw"
"/index.php/2024/04/28/kdali-mw","/products/kdali-mw"
"/2024/04/26/kdali-ph-2ch","/products/kdali-ph-2ch"
"/index.php/2024/04/26/kdali-ph-2ch","/products/kdali-ph-2ch"
"/2024/04/24/kdali-rpt","/products/kdali-rpt"
"/index.php/2024/04/24/kdali-rpt","/products/kdali-rpt"
"/2024/04/25/kdali-knx-2ch","/products/kdali-knx-2ch"
"/index.php/2024/04/25/kdali-knx-2ch","/products/kdali-knx-2ch"
"/2024/03/28/liob-595-i-o-controller","/products/liob-595-i-o-controller"
"/index.php/2024/03/28/liob-595-i-o-controller","/products/liob-595-i-o-controller"
"/2024/03/28/liob-590-i-o-controller","/products/liob-590-i-o-controller"
"/index.php/2024/03/28/liob-590-i-o-controller","/products/liob-590-i-o-controller"
"/2024/03/28/liob-596-i-o-controller","/products/liob-596-i-o-controller"
"/index.php/2024/03/28/liob-596-i-o-controller","/products/liob-596-i-o-controller"
"/2024/03/25/lgate-902","/products/lgate-902"
"/index.php/2024/03/25/lgate-902","/products/lgate-902"
"/2023/10/09/liob-591-room-controller","/products/liob-591-room-controller"
"/index.php/2023/10/09/liob-591-room-controller","/products/liob-591-room-controller"
"/2023/10/09/liob-air-controller","/products/liob-air-controller"
"/index.php/2023/10/09/liob-air-controller","/products/liob-air-controller"
"/2023/10/08/l-iob-i-o-controllers","/products/l-iob-i-o-controllers"
"/index.php/2023/10/08/l-iob-i-o-controllers","/products/l-iob-i-o-controllers"
"/2023/12/12/ked-s1","/products/ked-s1"
"/index.php/2023/12/12/ked-s1","/products/ked-s1"
"/2024/03/25/lgate-952","/products/lgate-952"
"/index.php/2024/03/25/lgate-952","/products/lgate-952"
"/2023/12/12/ked-m01","/products/ked-m01"
"/index.php/2023/12/12/ked-m01","/products/ked-m01"
"/2023/11/30/ked-d01","/products/ked-d01"
"/index.php/2023/11/30/ked-d01","/products/ked-d01"
"/2023/10/19/kdali-gw1i","/products/kdali-gw1i"
"/index.php/2023/10/19/kdali-gw1i","/products/kdali-gw1i"
"/2024/03/29/loyrel-816-relay-interface","/products/loyrel-816-relay-interface"
"/index.php/2024/03/29/loyrel-816-relay-interface","/products/loyrel-816-relay-interface"
"/2024/03/29/lsmi-standard-motor-interface","/products/lsmi-standard-motor-interface"
"/index.php/2024/03/29/lsmi-standard-motor-interface","/products/lsmi-standard-motor-interface"
"/2024/03/29/l-eno-enocean-interface","/products/l-eno-enocean-interface"
"/index.php/2024/03/29/l-eno-enocean-interface","/products/l-eno-enocean-interface"
"/2024/03/29/mp-bus-interface","/products/mp-bus-interface"
"/index.php/2024/03/29/mp-bus-interface","/products/mp-bus-interface"
"/2024/03/29/lpa","/products/lpa"
"/index.php/2024/03/29/lpa","/products/lpa"
"/2024/03/29/l-ip-router-bacnet","/products/l-ip-router-bacnet"
"/index.php/2024/03/29/l-ip-router-bacnet","/products/l-ip-router-bacnet"
"/2024/03/29/l-ip-router-cea-709","/products/l-ip-router-cea-709"
"/index.php/2024/03/29/l-ip-router-cea-709","/products/l-ip-router-cea-709"
"/2024/03/28/liob-594-i-o-controller","/products/liob-594-i-o-controller"
"/index.php/2024/03/28/liob-594-i-o-controller","/products/liob-594-i-o-controller"
"/2024/03/28/liob-586-587-588-589-i-o-controller","/products/liob-586-587-588-589-i-o-controller"
"/index.php/2024/03/28/liob-586-587-588-589-i-o-controller","/products/liob-586-587-588-589-i-o-controller"
"/2024/03/28/liob-593-i-o-controller","/products/liob-593-i-o-controller"
"/index.php/2024/03/28/liob-593-i-o-controller","/products/liob-593-i-o-controller"
"/2024/04/02/ldali-pd1-phase-cut-dimmer-module","/products/ldali-pd1-phase-cut-dimmer-module"
"/index.php/2024/04/02/ldali-pd1-phase-cut-dimmer-module","/products/ldali-pd1-phase-cut-dimmer-module"
"/2024/04/02/l-dali-bacnet-dali-controllers","/products/l-dali-bacnet-dali-controllers"
"/index.php/2024/04/02/l-dali-bacnet-dali-controllers","/products/l-dali-bacnet-dali-controllers"
"/2024/04/02/liob-562-module-bacnet-ip","/products/liob-562-module-bacnet-ip"
"/index.php/2024/04/02/liob-562-module-bacnet-ip","/products/liob-562-module-bacnet-ip"
"/2024/04/02/liob-560-module-bacnet-ip","/products/liob-560-module-bacnet-ip"
"/index.php/2024/04/02/liob-560-module-bacnet-ip","/products/liob-560-module-bacnet-ip"
"/2024/04/02/liob-ip852-i-o-modules-lonmark","/products/liob-ip852-i-o-modules-lonmark"
"/index.php/2024/04/02/liob-ip852-i-o-modules-lonmark","/products/liob-ip852-i-o-modules-lonmark"
"/2024/04/02/liob-connect-i-o-modules","/products/liob-connect-i-o-modules"
"/index.php/2024/04/02/liob-connect-i-o-modules","/products/liob-connect-i-o-modules"
"/2024/03/29/ldaliplc2-ldaliplc4-programmable-dali-controller","/products/ldaliplc2-ldaliplc4-programmable-dali-controller"
"/index.php/2024/03/29/ldaliplc2-ldaliplc4-programmable-dali-controller","/products/ldaliplc2-ldaliplc4-programmable-dali-controller"
"/2024/03/29/lweb-900-integrated-building-management-system","/products/lweb-900-integrated-building-management-system"
"/index.php/2024/03/29/lweb-900-integrated-building-management-system","/products/lweb-900-integrated-building-management-system"
"/2024/03/29/lweb-803-visualization","/products/lweb-803-visualization"
"/index.php/2024/03/29/lweb-803-visualization","/products/lweb-803-visualization"
"/2024/03/29/lweb-802-visualization-via-web-browser","/products/lweb-802-visualization-via-web-browser"
"/index.php/2024/03/29/lweb-802-visualization-via-web-browser","/products/lweb-802-visualization-via-web-browser"
"/2024/04/02/liob-ft-i-o-modules-lonmark","/products/liob-ft-i-o-modules-lonmark"
"/index.php/2024/04/02/liob-ft-i-o-modules-lonmark","/products/liob-ft-i-o-modules-lonmark"
"/2024/04/02/l-studio-3-engineering-tool","/products/l-studio-3-engineering-tool"
"/index.php/2024/04/02/l-studio-3-engineering-tool","/products/l-studio-3-engineering-tool"
"/2024/04/02/loyrtu-485-modbus-remote-i-o-communication-module","/products/loyrtu-485-modbus-remote-i-o-communication-module"
"/index.php/2024/04/02/loyrtu-485-modbus-remote-i-o-communication-module","/products/loyrtu-485-modbus-remote-i-o-communication-module"
"/2024/04/02/l-pow-power-supply","/products/l-pow-power-supply"
"/index.php/2024/04/02/l-pow-power-supply","/products/l-pow-power-supply"
"/2024/04/02/l-term-network-terminator-tp-ft-10-and-tp-xf-1250","/products/l-term-network-terminator-tp-ft-10-and-tp-xf-1250"
"/index.php/2024/04/02/l-term-network-terminator-tp-ft-10-and-tp-xf-1250","/products/l-term-network-terminator-tp-ft-10-and-tp-xf-1250"
"/2024/04/02/l-dali-pushbutton-coupler","/products/l-dali-pushbutton-coupler"
"/index.php/2024/04/02/l-dali-pushbutton-coupler","/products/l-dali-pushbutton-coupler"
"/2024/04/02/ldali-rm8-relay-module","/products/ldali-rm8-relay-module"
"/index.php/2024/04/02/ldali-rm8-relay-module","/products/ldali-rm8-relay-module"
"/2024/04/02/ldali-rm5-ldali-rm6-relay-modules","/products/ldali-rm5-ldali-rm6-relay-modules"
"/index.php/2024/04/02/ldali-rm5-ldali-rm6-relay-modules","/products/ldali-rm5-ldali-rm6-relay-modules"
"/2024/04/02/ldali-ms","/products/ldali-ms"
"/index.php/2024/04/02/ldali-ms","/products/ldali-ms"
"/2024/03/29/nic","/products/nic"
"/index.php/2024/03/29/nic","/products/nic"
"/2024/03/26/linx-102-103-automation-server-cea-709","/products/linx-102-103-automation-server-cea-709"
"/index.php/2024/03/26/linx-102-103-automation-server-cea-709","/products/linx-102-103-automation-server-cea-709"
"/2024/03/29/linx-215-automation-server","/products/linx-215-automation-server"
"/index.php/2024/03/29/linx-215-automation-server","/products/linx-215-automation-server"
"/2024/03/29/linx-153-154-automation-server","/products/linx-153-154-automation-server"
"/index.php/2024/03/29/linx-153-154-automation-server","/products/linx-153-154-automation-server"
"/2024/03/26/linx-202-203","/products/linx-202-203"
"/index.php/2024/03/26/linx-202-203","/products/linx-202-203"
"/2024/04/24/kdali-ps-din","/products/kdali-ps-din"
"/index.php/2024/04/24/kdali-ps-din","/products/kdali-ps-din"
"/2024/04/02/lbox-600-system-distribution-box","/products/lbox-600-system-distribution-box"
"/index.php/2024/04/02/lbox-600-system-distribution-box","/products/lbox-600-system-distribution-box"
"/2024/04/02/loyuno-l-unolite-indoor-air-quality-sensor","/products/loyuno-l-unolite-indoor-air-quality-sensor"
"/index.php/2024/04/02/loyuno-l-unolite-indoor-air-quality-sensor","/products/loyuno-l-unolite-indoor-air-quality-sensor"
"/2024/04/02/l-rc1-infrared-remote-control","/products/l-rc1-infrared-remote-control"
"/index.php/2024/04/02/l-rc1-infrared-remote-control","/products/l-rc1-infrared-remote-control"
"/2024/04/02/ldali-pwr2-u-ldali-pwr4-u-power-supply","/products/ldali-pwr2-u-ldali-pwr4-u-power-supply"
"/index.php/2024/04/02/ldali-pwr2-u-ldali-pwr4-u-power-supply","/products/ldali-pwr2-u-ldali-pwr4-u-power-supply"
"/2024/04/02/ldali-pwr1-u-power-supply","/products/ldali-pwr1-u-power-supply"
"/index.php/2024/04/02/ldali-pwr1-u-power-supply","/products/ldali-pwr1-u-power-supply"
"/2024/04/02/ldali-pwm4-pwm-modules","/products/ldali-pwm4-pwm-modules"
"/index.php/2024/04/02/ldali-pwm4-pwm-modules","/products/ldali-pwm4-pwm-modules"
"/2024/04/02/loy-dali-sbm1-sunblind-module","/products/loy-dali-sbm1-sunblind-module"
"/index.php/2024/04/02/loy-dali-sbm1-sunblind-module","/products/loy-dali-sbm1-sunblind-module"
"/2024/04/02/l-dali-cea-709-dali-controllers","/products/l-dali-cea-709-dali-controllers"
"/index.php/2024/04/02/l-dali-cea-709-dali-controllers","/products/l-dali-cea-709-dali-controllers"
"/2024/04/02/loybt-temp1-temperature-sensor","/products/loybt-temp1-temperature-sensor"
"/index.php/2024/04/02/loybt-temp1-temperature-sensor","/products/loybt-temp1-temperature-sensor"
"/2024/04/02/liob-bip-i-o-modules-bacnet-ip","/products/liob-bip-i-o-modules-bacnet-ip"
"/index.php/2024/04/02/liob-bip-i-o-modules-bacnet-ip","/products/liob-bip-i-o-modules-bacnet-ip"
"/2024/03/29/l-stat-room-operator-panel","/products/l-stat-room-operator-panel"
"/index.php/2024/03/29/l-stat-room-operator-panel","/products/l-stat-room-operator-panel"
"/2024/03/29/l-triac16-triac-interface","/products/l-triac16-triac-interface"
"/index.php/2024/03/29/l-triac16-triac-interface","/products/l-triac16-triac-interface"
"/2024/03/29/loycnv-va8-voltage-current-converter","/products/loycnv-va8-voltage-current-converter"
"/index.php/2024/03/29/loycnv-va8-voltage-current-converter","/products/loycnv-va8-voltage-current-converter"
"/2024/03/29/lrs232-802-interface","/products/lrs232-802-interface"
"/index.php/2024/03/29/lrs232-802-interface","/products/lrs232-802-interface"
"/2024/03/29/l-wlan-wireless-lan-interface","/products/l-wlan-wireless-lan-interface"
"/index.php/2024/03/29/l-wlan-wireless-lan-interface","/products/l-wlan-wireless-lan-interface"
"/2024/03/29/lte-interface","/products/lte-interface"
"/index.php/2024/03/29/lte-interface","/products/lte-interface"
"/2024/03/29/knx-tp1-interface","/products/knx-tp1-interface"
"/index.php/2024/03/29/knx-tp1-interface","/products/knx-tp1-interface"
"/2024/04/02/l-act-actuators","/products/l-act-actuators"
"/index.php/2024/04/02/l-act-actuators","/products/l-act-actuators"
"/2024/06/02/l-term-network-terminator","/products/l-term-network-terminator"
"/index.php/2024/06/02/l-term-network-terminator","/products/l-term-network-terminator"
"/2024/06/02/loycnv-pt1008-voltage-converter","/products/loycnv-pt1008-voltage-converter"
"/index.php/2024/06/02/loycnv-pt1008-voltage-converter","/products/loycnv-pt1008-voltage-converter"
"/2024/05/15/kmod-rm32","/products/kmod-rm32"
"/index.php/2024/05/15/kmod-rm32","/products/kmod-rm32"
"/2024/04/27/kdali-mwi-p65","/products/kdali-mwi-p65"
"/index.php/2024/04/27/kdali-mwi-p65","/products/kdali-mwi-p65"
"/2024/05/04/kstat-xfc01-mw","/products/kstat-xfc01-mw"
"/index.php/2024/05/04/kstat-xfc01-mw","/products/kstat-xfc01-mw"
"/2024/05/01/kstat-fc09-fvmn-24","/products/kstat-fc09-fvmn-24"
"/index.php/2024/05/01/kstat-fc09-fvmn-24","/products/kstat-fc09-fvmn-24"
"/2024/04/30/kstat-wf11-fc-4dmw24","/products/kstat-wf11-fc-4dmw24"
"/index.php/2024/04/30/kstat-wf11-fc-4dmw24","/products/kstat-wf11-fc-4dmw24"
"/2024/04/30/k1014","/products/k1014"
"/index.php/2024/04/30/k1014","/products/k1014"
"/2024/04/29/k1020","/products/k1020"
"/index.php/2024/04/29/k1020","/products/k1020"
"/2024/04/29/k1013","/products/k1013"
"/index.php/2024/04/29/k1013","/products/k1013"
"/2024/04/29/k1226","/products/k1226"
"/index.php/2024/04/29/k1226","/products/k1226"
"/2024/04/28/k1227","/products/k1227"
"/index.php/2024/04/28/k1227","/products/k1227"
"/2024/05/21/kdmx-gwi","/products/kdmx-gwi"
"/index.php/2024/05/21/kdmx-gwi","/products/kdmx-gwi"
"/2024/05/10/kpad-10-7-iot-touch-screen","/products/kpad-10-7-iot-touch-screen"
"/index.php/2024/05/10/kpad-10-7-iot-touch-screen","/products/kpad-10-7-iot-touch-screen"
"/2024/04/30/kstat-wf11-fc-ecmn-24","/products/kstat-wf11-fc-ecmn-24"
"/index.php/2024/04/30/kstat-wf11-fc-ecmn-24","/products/kstat-wf11-fc-ecmn-24"
"/2024/04/26/kdali-ph-4ch","/products/kdali-ph-4ch"
"/index.php/2024/04/26/kdali-ph-4ch","/products/kdali-ph-4ch"
"/2024/03/29/l-mbus-level-converter","/products/l-mbus-level-converter"
"/index.php/2024/03/29/l-mbus-level-converter","/products/l-mbus-level-converter"
"/2024/04/20/sustainable-homes-hotel","/pages/sustainable-homes-hotel"
"/index.php/2024/04/20/sustainable-homes-hotel","/pages/sustainable-homes-hotel"
"/2024/04/20/abu-dhabi-quality-and-conformity-council","/pages/abu-dhabi-quality-and-conformity-council"
"/index.php/2024/04/20/abu-dhabi-quality-and-conformity-council","/pages/abu-dhabi-quality-and-conformity-council"
"/2024/04/20/celia-residence-abou-eid","/pages/celia-residence-abou-eid"
"/index.php/2024/04/20/celia-residence-abou-eid","/pages/celia-residence-abou-eid"
"/2024/03/29/l-stat-remote-enocean-antenna","/products/l-stat-remote-enocean-antenna"
"/index.php/2024/03/29/l-stat-remote-enocean-antenna","/products/l-stat-remote-enocean-antenna"
"/2024/04/07/network-security-and-vpn","/resources/network-security-and-vpn"
"/index.php/2024/04/07/network-security-and-vpn","/resources/network-security-and-vpn"
"/2024/04/07/bluetooth-mesh","/resources/bluetooth-mesh"
"/index.php/2024/04/07/bluetooth-mesh","/resources/bluetooth-mesh"
"/2024/04/07/bluetooth","/resources/bluetooth"
"/index.php/2024/04/07/bluetooth","/resources/bluetooth"
"/2024/04/07/lte","/resources/lte"
"/index.php/2024/04/07/lte","/resources/lte"
"/2024/03/28/liob-592-i-o-controller","/products/liob-592-i-o-controller"
"/index.php/2024/03/28/liob-592-i-o-controller","/products/liob-592-i-o-controller"
"/2024/10/28/kwf-a211","/products/kwf-a211"
"/index.php/2024/10/28/kwf-a211","/products/kwf-a211"
"/2024/10/28/kwf-h20-p-3d","/products/kwf-h20-p-3d"
"/index.php/2024/10/28/kwf-h20-p-3d","/products/kwf-h20-p-3d"
"/2024/10/28/kwf-h20-p","/products/kwf-h20-p"
"/index.php/2024/10/28/kwf-h20-p","/products/kwf-h20-p"
"/2024/10/28/kmod-6g-p","/products/kmod-6g-p"
"/index.php/2024/10/28/kmod-6g-p","/products/kmod-6g-p"
"/2024/10/28/kmod-5g-g","/products/kmod-5g-g"
"/index.php/2024/10/28/kmod-5g-g","/products/kmod-5g-g"
"/2024/10/28/kmod-6g-g","/products/kmod-6g-g"
"/index.php/2024/10/28/kmod-6g-g","/products/kmod-6g-g"
"/2024/10/28/kmod-8g-g","/products/kmod-8g-g"
"/index.php/2024/10/28/kmod-8g-g","/products/kmod-8g-g"
"/2024/10/28/kmod-th-g","/products/kmod-th-g"
"/index.php/2024/10/28/kmod-th-g","/products/kmod-th-g"
"/2024/10/28/kmod-1g-p","/products/kmod-1g-p"
"/index.php/2024/10/28/kmod-1g-p","/products/kmod-1g-p"
"/2024/10/28/kmod-2g-p","/products/kmod-2g-p"
"/index.php/2024/10/28/kmod-2g-p","/products/kmod-2g-p"
"/2024/10/28/kmod-3g-p","/products/kmod-3g-p"
"/index.php/2024/10/28/kmod-3g-p","/products/kmod-3g-p"
"/2024/10/28/kmod-4g-p","/products/kmod-4g-p"
"/index.php/2024/10/28/kmod-4g-p","/products/kmod-4g-p"
"/2024/10/28/kmod-5g-p","/products/kmod-5g-p"
"/index.php/2024/10/28/kmod-5g-p","/products/kmod-5g-p"
"/2024/10/28/kmod-1g-cm","/products/kmod-1g-cm"
"/index.php/2024/10/28/kmod-1g-cm","/products/kmod-1g-cm"
"/2024/10/28/kmod-2g-cm","/products/kmod-2g-cm"
"/index.php/2024/10/28/kmod-2g-cm","/products/kmod-2g-cm"
"/2024/10/28/kmod-3g-g","/products/kmod-3g-g"
"/index.php/2024/10/28/kmod-3g-g","/products/kmod-3g-g"
"/2024/10/28/kmod-4g-g","/products/kmod-4g-g"
"/index.php/2024/10/28/kmod-4g-g","/products/kmod-4g-g"
"/2024/10/28/kzig-1g-p","/products/kzig-1g-p"
"/index.php/2024/10/28/kzig-1g-p","/products/kzig-1g-p"
"/2024/10/28/kzig-2g-p","/products/kzig-2g-p"
"/index.php/2024/10/28/kzig-2g-p","/products/kzig-2g-p"
"/2024/10/28/kzig-3g-p","/products/kzig-3g-p"
"/index.php/2024/10/28/kzig-3g-p","/products/kzig-3g-p"
"/2024/10/28/kzig-4g-p","/products/kzig-4g-p"
"/index.php/2024/10/28/kzig-4g-p","/products/kzig-4g-p"
"/2024/10/28/kzig-5g-p","/products/kzig-5g-p"
"/index.php/2024/10/28/kzig-5g-p","/products/kzig-5g-p"
"/2024/10/28/kzig-6g-p","/products/kzig-6g-p"
"/index.php/2024/10/28/kzig-6g-p","/products/kzig-6g-p"
"/2024/10/28/kzig-ph-p","/products/kzig-ph-p"
"/index.php/2024/10/28/kzig-ph-p","/products/kzig-ph-p"
"/2024/10/28/kzig-htr-p","/products/kzig-htr-p"
"/index.php/2024/10/28/kzig-htr-p","/products/kzig-htr-p"
"/2024/10/28/kmod-1g-g","/products/kmod-1g-g"
"/index.php/2024/10/28/kmod-1g-g","/products/kmod-1g-g"
"/2024/10/28/kmod-2g-g","/products/kmod-2g-g"
"/index.php/2024/10/28/kmod-2g-g","/products/kmod-2g-g"
"/2024/10/28/kzig-6g-g","/products/kzig-6g-g"
"/index.php/2024/10/28/kzig-6g-g","/products/kzig-6g-g"
"/2024/10/28/kzig-5g-g","/products/kzig-5g-g"
"/index.php/2024/10/28/kzig-5g-g","/products/kzig-5g-g"
"/2024/10/28/kzig-htr-g","/products/kzig-htr-g"
"/index.php/2024/10/28/kzig-htr-g","/products/kzig-htr-g"
"/2024/10/28/kzig-2g-g","/products/kzig-2g-g"
"/index.php/2024/10/28/kzig-2g-g","/products/kzig-2g-g"
"/2024/10/28/kzig-3g-g","/products/kzig-3g-g"
"/index.php/2024/10/28/kzig-3g-g","/products/kzig-3g-g"
"/2024/10/28/kzig-4g-g","/products/kzig-4g-g"
"/index.php/2024/10/28/kzig-4g-g","/products/kzig-4g-g"
"/2024/10/28/kvfc-4g-ss","/products/kvfc-4g-ss"
"/index.php/2024/10/28/kvfc-4g-ss","/products/kvfc-4g-ss"
"/2024/10/28/kvfc-6g-ss","/products/kvfc-6g-ss"
"/index.php/2024/10/28/kvfc-6g-ss","/products/kvfc-6g-ss"
"/2024/10/28/kvfc-1g-mc","/products/kvfc-1g-mc"
"/index.php/2024/10/28/kvfc-1g-mc","/products/kvfc-1g-mc"
"/2024/10/28/kvfc-2g-mc","/products/kvfc-2g-mc"
"/index.php/2024/10/28/kvfc-2g-mc","/products/kvfc-2g-mc"
"/2024/10/28/kvfc-3g-mc","/products/kvfc-3g-mc"
"/index.php/2024/10/28/kvfc-3g-mc","/products/kvfc-3g-mc"
"/2024/10/28/kvfc-3g-ms","/products/kvfc-3g-ms"
"/index.php/2024/10/28/kvfc-3g-ms","/products/kvfc-3g-ms"
"/2024/10/28/kvfc-4g-ms","/products/kvfc-4g-ms"
"/index.php/2024/10/28/kvfc-4g-ms","/products/kvfc-4g-ms"
"/2024/10/28/kvfc-1g-p","/products/kvfc-1g-p"
"/index.php/2024/10/28/kvfc-1g-p","/products/kvfc-1g-p"
"/2024/10/28/kvfc-2g-p","/products/kvfc-2g-p"
"/index.php/2024/10/28/kvfc-2g-p","/products/kvfc-2g-p"
"/2024/10/28/kvfc-2g-ss","/products/kvfc-2g-ss"
"/index.php/2024/10/28/kvfc-2g-ss","/products/kvfc-2g-ss"
"/2024/10/28/kvfc-3g-ss","/products/kvfc-3g-ss"
"/index.php/2024/10/28/kvfc-3g-ss","/products/kvfc-3g-ss"
"/2024/10/28/kmod-2g-ss","/products/kmod-2g-ss"
"/index.php/2024/10/28/kmod-2g-ss","/products/kmod-2g-ss"
"/2024/10/28/kmod-3g-ss","/products/kmod-3g-ss"
"/index.php/2024/10/28/kmod-3g-ss","/products/kmod-3g-ss"
"/2024/10/28/kmod-4g-ss","/products/kmod-4g-ss"
"/index.php/2024/10/28/kmod-4g-ss","/products/kmod-4g-ss"
"/2024/10/28/kmod-6g-ss","/products/kmod-6g-ss"
"/index.php/2024/10/28/kmod-6g-ss","/products/kmod-6g-ss"
"/2024/10/28/kvfc-1g-sg","/products/kvfc-1g-sg"
"/index.php/2024/10/28/kvfc-1g-sg","/products/kvfc-1g-sg"
"/2024/10/28/kvfc-2g-sg","/products/kvfc-2g-sg"
"/index.php/2024/10/28/kvfc-2g-sg","/products/kvfc-2g-sg"
"/2024/10/28/kvfc-3g-sg","/products/kvfc-3g-sg"
"/index.php/2024/10/28/kvfc-3g-sg","/products/kvfc-3g-sg"
"/2024/10/28/kvfc-4g-sg","/products/kvfc-4g-sg"
"/index.php/2024/10/28/kvfc-4g-sg","/products/kvfc-4g-sg"
"/2024/10/28/kvfc-6g-sg","/products/kvfc-6g-sg"
"/index.php/2024/10/28/kvfc-6g-sg","/products/kvfc-6g-sg"
"/2024/10/28/kvfc-1g-ss","/products/kvfc-1g-ss"
"/index.php/2024/10/28/kvfc-1g-ss","/products/kvfc-1g-ss"
"/2024/10/28/kmod-2g-sm","/products/kmod-2g-sm"
"/index.php/2024/10/28/kmod-2g-sm","/products/kmod-2g-sm"
"/2024/10/28/kmod-3g-sm","/products/kmod-3g-sm"
"/index.php/2024/10/28/kmod-3g-sm","/products/kmod-3g-sm"
"/2024/10/28/kmod-1g-sm","/products/kmod-1g-sm"
"/index.php/2024/10/28/kmod-1g-sm","/products/kmod-1g-sm"
"/2024/10/28/kmod-4g-sm","/products/kmod-4g-sm"
"/index.php/2024/10/28/kmod-4g-sm","/products/kmod-4g-sm"
"/2024/10/28/kmod-3g-cm","/products/kmod-3g-cm"
"/index.php/2024/10/28/kmod-3g-cm","/products/kmod-3g-cm"
"/2024/10/28/kmod-4g-cm","/products/kmod-4g-cm"
"/index.php/2024/10/28/kmod-4g-cm","/products/kmod-4g-cm"
"/2024/10/28/kmod-1g-ss","/products/kmod-1g-ss"
"/index.php/2024/10/28/kmod-1g-ss","/products/kmod-1g-ss"
"/2024/10/28/kvfc-6g-p","/products/kvfc-6g-p"
"/index.php/2024/10/28/kvfc-6g-p","/products/kvfc-6g-p"
"/2024/10/28/kvfc-3g-p","/products/kvfc-3g-p"
"/index.php/2024/10/28/kvfc-3g-p","/products/kvfc-3g-p"
"/2024/10/28/kvfc-4g-p","/products/kvfc-4g-p"
"/index.php/2024/10/28/kvfc-4g-p","/products/kvfc-4g-p"
"/2024/10/28/kzig-sc-2p100m","/products/kzig-sc-2p100m"
"/index.php/2024/10/28/kzig-sc-2p100m","/products/kzig-sc-2p100m"
"/2024/10/28/kwf-sc-c26b-4","/products/kwf-sc-c26b-4"
"/index.php/2024/10/28/kwf-sc-c26b-4","/products/kwf-sc-c26b-4"
"/2024/10/28/kwf-sl-dl","/products/kwf-sl-dl"
"/index.php/2024/10/28/kwf-sl-dl","/products/kwf-sl-dl"
"/2024/10/28/kwf-sl-b","/products/kwf-sl-b"
"/index.php/2024/10/28/kwf-sl-b","/products/kwf-sl-b"
"/2024/10/28/kzig-srr","/products/kzig-srr"
"/index.php/2024/10/28/kzig-srr","/products/kzig-srr"
"/2024/10/28/kwf-srr","/products/kwf-srr"
"/index.php/2024/10/28/kwf-srr","/products/kwf-srr"
"/2024/10/28/kble-srr","/products/kble-srr"
"/index.php/2024/10/28/kble-srr","/products/kble-srr"
"/2024/10/28/kzig-sl-dl","/products/kzig-sl-dl"
"/index.php/2024/10/28/kzig-sl-dl","/products/kzig-sl-dl"
"/2024/10/28/kzig-ssm","/products/kzig-ssm"
"/index.php/2024/10/28/kzig-ssm","/products/kzig-ssm"
"/2024/10/28/kwf-isr-c3","/products/kwf-isr-c3"
"/index.php/2024/10/28/kwf-isr-c3","/products/kwf-isr-c3"
"/2024/10/28/kwf-isr-c2","/products/kwf-isr-c2"
"/index.php/2024/10/28/kwf-isr-c2","/products/kwf-isr-c2"
"/2024/10/28/kwf-sc-214","/products/kwf-sc-214"
"/index.php/2024/10/28/kwf-sc-214","/products/kwf-sc-214"
"/2024/10/28/kzig-wld","/products/kzig-wld"
"/index.php/2024/10/28/kzig-wld","/products/kzig-wld"
"/2024/10/28/kcp-0010","/products/kcp-0010"
"/index.php/2024/10/28/kcp-0010","/products/kcp-0010"
"/2024/10/28/kcp-003","/products/kcp-003"
"/index.php/2024/10/28/kcp-003","/products/kcp-003"
"/2024/10/28/kcp-006","/products/kcp-006"
"/index.php/2024/10/28/kcp-006","/products/kcp-006"
"/2024/10/28/kcp-007","/products/kcp-007"
"/index.php/2024/10/28/kcp-007","/products/kcp-007"
"/2024/10/29/ke-ac-tgw","/products/ke-ac-tgw"
"/index.php/2024/10/29/ke-ac-tgw","/products/ke-ac-tgw"
"/2024/10/29/kstat-fc11-nm-24","/products/kstat-fc11-nm-24"
"/index.php/2024/10/29/kstat-fc11-nm-24","/products/kstat-fc11-nm-24"
"/2024/10/29/kstat-fc11-w","/products/kstat-fc11-w"
"/index.php/2024/10/29/kstat-fc11-w","/products/kstat-fc11-w"
"/2024/10/29/kstat-fc11-wm","/products/kstat-fc11-wm"
"/index.php/2024/10/29/kstat-fc11-wm","/products/kstat-fc11-wm"
"/2024/10/29/kstat-fc11-nm","/products/kstat-fc11-nm"
"/index.php/2024/10/29/kstat-fc11-nm","/products/kstat-fc11-nm"
"/2024/10/29/kstat-fc11-n","/products/kstat-fc11-n"
"/index.php/2024/10/29/kstat-fc11-n","/products/kstat-fc11-n"
"/2024/10/29/ke-ac-vrf","/products/ke-ac-vrf"
"/index.php/2024/10/29/ke-ac-vrf","/products/ke-ac-vrf"
"/2024/10/28/kwf-sc-425-5","/products/kwf-sc-425-5"
"/index.php/2024/10/28/kwf-sc-425-5","/products/kwf-sc-425-5"
"/2024/10/28/kwf-db-p2","/products/kwf-db-p2"
"/index.php/2024/10/28/kwf-db-p2","/products/kwf-db-p2"
"/2024/10/28/kwf-sc-c24b-2","/products/kwf-sc-c24b-2"
"/index.php/2024/10/28/kwf-sc-c24b-2","/products/kwf-sc-c24b-2"
"/2024/10/28/kwf-sc-c23b-4","/products/kwf-sc-c23b-4"
"/index.php/2024/10/28/kwf-sc-c23b-4","/products/kwf-sc-c23b-4"
"/2024/10/28/kwf-sc-426-5","/products/kwf-sc-426-5"
"/index.php/2024/10/28/kwf-sc-426-5","/products/kwf-sc-426-5"
"/2024/10/28/kwf-db-b1","/products/kwf-db-b1"
"/index.php/2024/10/28/kwf-db-b1","/products/kwf-db-b1"
"/2024/10/28/kwf-sc-518-2","/products/kwf-sc-518-2"
"/index.php/2024/10/28/kwf-sc-518-2","/products/kwf-sc-518-2"
"/2024/10/28/k4g-sc-518-3","/products/k4g-sc-518-3"
"/index.php/2024/10/28/k4g-sc-518-3","/products/k4g-sc-518-3"
"/2024/10/28/kwf-sqw-2","/products/kwf-sqw-2"
"/index.php/2024/10/28/kwf-sqw-2","/products/kwf-sqw-2"
"/2024/10/28/kwf-sc-425-3","/products/kwf-sc-425-3"
"/index.php/2024/10/28/kwf-sc-425-3","/products/kwf-sc-425-3"
"/2024/10/28/kwf-sc-c23b-2","/products/kwf-sc-c23b-2"
"/index.php/2024/10/28/kwf-sc-c23b-2","/products/kwf-sc-c23b-2"
"/2024/10/28/kwf-sc-c24b-4","/products/kwf-sc-c24b-4"
"/index.php/2024/10/28/kwf-sc-c24b-4","/products/kwf-sc-c24b-4"
"/2024/10/28/kwf-sc-426-3","/products/kwf-sc-426-3"
"/index.php/2024/10/28/kwf-sc-426-3","/products/kwf-sc-426-3"
"/2024/10/28/kwf-gs-m1","/products/kwf-gs-m1"
"/index.php/2024/10/28/kwf-gs-m1","/products/kwf-gs-m1"
"/2024/10/28/kwf-f8","/products/kwf-f8"
"/index.php/2024/10/28/kwf-f8","/products/kwf-f8"
"/2024/10/28/kwf-tdf1","/products/kwf-tdf1"
"/index.php/2024/10/28/kwf-tdf1","/products/kwf-tdf1"
"/2024/10/28/kwf-a210","/products/kwf-a210"
"/index.php/2024/10/28/kwf-a210","/products/kwf-a210"
"/2024/10/28/kwf-sc-c26b-2","/products/kwf-sc-c26b-2"
"/index.php/2024/10/28/kwf-sc-c26b-2","/products/kwf-sc-c26b-2"
"/2024/10/28/kwf-jlx7","/products/kwf-jlx7"
"/index.php/2024/10/28/kwf-jlx7","/products/kwf-jlx7"
"/2024/10/28/kwf-e908","/products/kwf-e908"
"/index.php/2024/10/28/kwf-e908","/products/kwf-e908"
"/2024/10/28/kble-hf-32","/products/kble-hf-32"
"/index.php/2024/10/28/kble-hf-32","/products/kble-hf-32"
"/2024/10/28/kzig-sc-2p80","/products/kzig-sc-2p80"
"/index.php/2024/10/28/kzig-sc-2p80","/products/kzig-sc-2p80"
"/2024/10/28/kzig-sc-3p100","/products/kzig-sc-3p100"
"/index.php/2024/10/28/kzig-sc-3p100","/products/kzig-sc-3p100"
"/2024/10/28/kwf-sc-1p100m","/products/kwf-sc-1p100m"
"/index.php/2024/10/28/kwf-sc-1p100m","/products/kwf-sc-1p100m"
"/2024/10/28/kwf-sc-2p100m","/products/kwf-sc-2p100m"
"/index.php/2024/10/28/kwf-sc-2p100m","/products/kwf-sc-2p100m"
"/2024/10/28/kzig-sc-1p100","/products/kzig-sc-1p100"
"/index.php/2024/10/28/kzig-sc-1p100","/products/kzig-sc-1p100"
"/2024/10/28/kwf-sc-3p100","/products/kwf-sc-3p100"
"/index.php/2024/10/28/kwf-sc-3p100","/products/kwf-sc-3p100"
"/2024/10/28/kwf-sl-rgbcw-s","/products/kwf-sl-rgbcw-s"
"/index.php/2024/10/28/kwf-sl-rgbcw-s","/products/kwf-sl-rgbcw-s"
"/2024/10/28/kwf-sc-1p100","/products/kwf-sc-1p100"
"/index.php/2024/10/28/kwf-sc-1p100","/products/kwf-sc-1p100"
"/2024/10/28/kwf-sc-2p80","/products/kwf-sc-2p80"
"/index.php/2024/10/28/kwf-sc-2p80","/products/kwf-sc-2p80"
"/2024/10/28/kzig-sc-1p80","/products/kzig-sc-1p80"
"/index.php/2024/10/28/kzig-sc-1p80","/products/kzig-sc-1p80"
"/2024/10/28/kwf-sm-1ph","/products/kwf-sm-1ph"
"/index.php/2024/10/28/kwf-sm-1ph","/products/kwf-sm-1ph"
"/2024/10/28/kwf-sl-rgbcw-b","/products/kwf-sl-rgbcw-b"
"/index.php/2024/10/28/kwf-sl-rgbcw-b","/products/kwf-sl-rgbcw-b"
"/2024/10/28/kwf-sc-614","/products/kwf-sc-614"
"/index.php/2024/10/28/kwf-sc-614","/products/kwf-sc-614"
"/2024/10/28/kwf-sc-514","/products/kwf-sc-514"
"/index.php/2024/10/28/kwf-sc-514","/products/kwf-sc-514"
"/2024/10/28/kwf-sc-414","/products/kwf-sc-414"
"/index.php/2024/10/28/kwf-sc-414","/products/kwf-sc-414"
"/2024/10/28/kzig-sc-414","/products/kzig-sc-414"
"/index.php/2024/10/28/kzig-sc-414","/products/kzig-sc-414"
"/2024/10/28/kzig-sc-314","/products/kzig-sc-314"
"/index.php/2024/10/28/kzig-sc-314","/products/kzig-sc-314"
"/2024/10/28/kwf-sc-314","/products/kwf-sc-314"
"/index.php/2024/10/28/kwf-sc-314","/products/kwf-sc-314"
"/2024/10/28/kzig-sc-614","/products/kzig-sc-614"
"/index.php/2024/10/28/kzig-sc-614","/products/kzig-sc-614"
"/2024/10/28/kwf-sc-114","/products/kwf-sc-114"
"/index.php/2024/10/28/kwf-sc-114","/products/kwf-sc-114"
"/2024/10/28/kcp-004-3g","/products/kcp-004-3g"
"/index.php/2024/10/28/kcp-004-3g","/products/kcp-004-3g"
"/2024/10/28/kzig-sc-114","/products/kzig-sc-114"
"/index.php/2024/10/28/kzig-sc-114","/products/kzig-sc-114"
"/2024/10/28/kzig-sa","/products/kzig-sa"
"/index.php/2024/10/28/kzig-sa","/products/kzig-sa"
"/2024/10/28/kwf-gld","/products/kwf-gld"
"/index.php/2024/10/28/kwf-gld","/products/kwf-gld"
"/2024/10/28/kzig-sc-214","/products/kzig-sc-214"
"/index.php/2024/10/28/kzig-sc-214","/products/kzig-sc-214"
"/2024/10/28/kwf-sa","/products/kwf-sa"
"/index.php/2024/10/28/kwf-sa","/products/kwf-sa"
"/2024/10/28/kzig-sc-514","/products/kzig-sc-514"
"/index.php/2024/10/28/kzig-sc-514","/products/kzig-sc-514"
"/2024/10/28/ke-ble-sp-s","/products/ke-ble-sp-s"
"/index.php/2024/10/28/ke-ble-sp-s","/products/ke-ble-sp-s"
"/2024/10/28/ke-ble-sp-m","/products/ke-ble-sp-m"
"/index.php/2024/10/28/ke-ble-sp-m","/products/ke-ble-sp-m"
"/2024/10/28/kcp-005","/products/kcp-005"
"/index.php/2024/10/28/kcp-005","/products/kcp-005"
"/2024/10/28/kzig-rth","/products/kzig-rth"
"/index.php/2024/10/28/kzig-rth","/products/kzig-rth"
"/2024/10/28/kwf-ir","/products/kwf-ir"
"/index.php/2024/10/28/kwf-ir","/products/kwf-ir"
"/2024/10/28/kzig-ir-2","/products/kzig-ir-2"
"/index.php/2024/10/28/kzig-ir-2","/products/kzig-ir-2"
"/2024/10/28/kwf-occ-light","/products/kwf-occ-light"
"/index.php/2024/10/28/kwf-occ-light","/products/kwf-occ-light"
"/2024/10/28/kzig-occ-light","/products/kzig-occ-light"
"/index.php/2024/10/28/kzig-occ-light","/products/kzig-occ-light"
"/2024/10/28/kwf-occ","/products/kwf-occ"
"/index.php/2024/10/28/kwf-occ","/products/kwf-occ"
"/2024/10/28/kzig-occ","/products/kzig-occ"
"/index.php/2024/10/28/kzig-occ","/products/kzig-occ"
"/2024/10/28/kvfc-2g-ms","/products/kvfc-2g-ms"
"/index.php/2024/10/28/kvfc-2g-ms","/products/kvfc-2g-ms"
"/2024/10/28/kvfc-1g-ms","/products/kvfc-1g-ms"
"/index.php/2024/10/28/kvfc-1g-ms","/products/kvfc-1g-ms"
"/2024/10/28/kvfc-4g-mc","/products/kvfc-4g-mc"
"/index.php/2024/10/28/kvfc-4g-mc","/products/kvfc-4g-mc"
"/2024/10/29/kstat-fc11-n-2","/products/kstat-fc11-n-2"
"/index.php/2024/10/29/kstat-fc11-n-2","/products/kstat-fc11-n-2"
"/2025/06/08/lroc-800-bluetooth-mesh-room-controller","/products/lroc-800-bluetooth-mesh-room-controller"
"/index.php/2025/06/08/lroc-800-bluetooth-mesh-room-controller","/products/lroc-800-bluetooth-mesh-room-controller"
"/2025/06/08/smart-control-panel-kcp-th4","/products/smart-control-panel-kcp-th4"
"/index.php/2025/06/08/smart-control-panel-kcp-th4","/products/smart-control-panel-kcp-th4"
"/2025/06/08/smart-switches-acr-series","/products/smart-switches-acr-series"
"/index.php/2025/06/08/smart-switches-acr-series","/products/smart-switches-acr-series"
"/2024/06/26/kiot-cn","/products/kiot-cn"
"/index.php/2024/06/26/kiot-cn","/products/kiot-cn"
"/2025/06/11/kiot-cn-zig","/products/kiot-cn-zig"
"/index.php/2025/06/11/kiot-cn-zig","/products/kiot-cn-zig"
"/2025/06/11/kmod-usb","/products/kmod-usb"
"/index.php/2025/06/11/kmod-usb","/products/kmod-usb"
"/2025/06/23/kapi-usb","/products/kapi-usb"
"/index.php/2025/06/23/kapi-usb","/products/kapi-usb"
"/2024/10/28/kcp-004-intercom","/products/kcp-004-intercom"
"/index.php/2024/10/28/kcp-004-intercom","/products/kcp-004-intercom"
"/2024/10/28/kcp-008","/products/kcp-008"
"/index.php/2024/10/28/kcp-008","/products/kcp-008"
"/posts","/collections/all"
"/index.php/posts","/collections/all"
"/privacy-policy","/policies/legacy-app-privacy"
"/index.php/privacy-policy","/policies/legacy-app-privacy"
"/request-quote","/pages/project-quote"
"/index.php/request-quote","/pages/project-quote"
"/sonoff","/collections/sonoff"
"/index.php/sonoff","/collections/sonoff"
"/shop","/collections/all"
"/index.php/shop","/collections/all"
"/product/sonoff-matter-eu-smart-wall-socket","/products/sonoff-matter-eu-smart-wall-socket"
"/index.php/product/sonoff-matter-eu-smart-wall-socket","/products/sonoff-matter-eu-smart-wall-socket"
"/product/sonoff-zigbee-motion-sensor-snzb-03p","/products/sonoff-zigbee-motion-sensor-snzb-03p"
"/index.php/product/sonoff-zigbee-motion-sensor-snzb-03p","/products/sonoff-zigbee-motion-sensor-snzb-03p"
"/product/sonoff-zigbee-bridge-ultra","/products/sonoff-zigbee-bridge-ultra"
"/index.php/product/sonoff-zigbee-bridge-ultra","/products/sonoff-zigbee-bridge-ultra"
"/product/sonoff-nspanel-pro-smart-home-control-panel-86-type","/products/sonoff-nspanel-pro-smart-home-control-panel-86-type"
"/index.php/product/sonoff-nspanel-pro-smart-home-control-panel-86-type","/products/sonoff-nspanel-pro-smart-home-control-panel-86-type"
"/product/snzb-04p","/products/snzb-04p"
"/index.php/product/snzb-04p","/products/snzb-04p"
"/product/sonoff-senseguard-dw-gen2-zigbee-door-window-sensor-snzb-04pr2","/products/sonoff-senseguard-dw-gen2-zigbee-door-window-sensor-snzb-04pr2"
"/index.php/product/sonoff-senseguard-dw-gen2-zigbee-door-window-sensor-snzb-04pr2","/products/sonoff-senseguard-dw-gen2-zigbee-door-window-sensor-snzb-04pr2"
"/product/sonoff-smart-roller-shutter-switch-mini-rbs","/products/sonoff-smart-roller-shutter-switch-mini-rbs"
"/index.php/product/sonoff-smart-roller-shutter-switch-mini-rbs","/products/sonoff-smart-roller-shutter-switch-mini-rbs"
"/product/zbminil2","/products/zbminil2"
"/index.php/product/zbminil2","/products/zbminil2"
"/product/zbminir2","/products/zbminir2"
"/index.php/product/zbminir2","/products/zbminir2"
"/product/sonoff-zigbee-smart-roller-shutter-switch-mini-zbrbs","/products/sonoff-zigbee-smart-roller-shutter-switch-mini-zbrbs"
"/index.php/product/sonoff-zigbee-smart-roller-shutter-switch-mini-zbrbs","/products/sonoff-zigbee-smart-roller-shutter-switch-mini-zbrbs"
"/product/sonoff-basicr4-wi-fi-smart-switch","/products/sonoff-basicr4-wi-fi-smart-switch"
"/index.php/product/sonoff-basicr4-wi-fi-smart-switch","/products/sonoff-basicr4-wi-fi-smart-switch"
"/product/sonoff-mini-extreme-wi-fi-smart-switch-matter-enabled-minir4m","/products/sonoff-mini-extreme-wi-fi-smart-switch-matter-enabled-minir4m"
"/index.php/product/sonoff-mini-extreme-wi-fi-smart-switch-matter-enabled-minir4m","/products/sonoff-mini-extreme-wi-fi-smart-switch-matter-enabled-minir4m"
"/product/sonoff-mini-dry-wi-fi-smart-switch-mini-d","/products/sonoff-mini-dry-wi-fi-smart-switch-mini-d"
"/index.php/product/sonoff-mini-dry-wi-fi-smart-switch-mini-d","/products/sonoff-mini-dry-wi-fi-smart-switch-mini-d"
"/product/sonoff-mini-duo-2-gang-zigbee-smart-switch-mini-zb2gs","/products/sonoff-mini-duo-2-gang-zigbee-smart-switch-mini-zb2gs"
"/index.php/product/sonoff-mini-duo-2-gang-zigbee-smart-switch-mini-zb2gs","/products/sonoff-mini-duo-2-gang-zigbee-smart-switch-mini-zb2gs"
"/product/sonoff-mini-duo-l-2-gang-zigbee-smart-switch-mini-zb2gs-l","/products/sonoff-mini-duo-l-2-gang-zigbee-smart-switch-mini-zb2gs-l"
"/index.php/product/sonoff-mini-duo-l-2-gang-zigbee-smart-switch-mini-zb2gs-l","/products/sonoff-mini-duo-l-2-gang-zigbee-smart-switch-mini-zb2gs-l"
"/product/sonoff-basic-gen5-matter-over-wifi-smart-switch-basic-1gs","/products/sonoff-basic-gen5-matter-over-wifi-smart-switch-basic-1gs"
"/index.php/product/sonoff-basic-gen5-matter-over-wifi-smart-switch-basic-1gs","/products/sonoff-basic-gen5-matter-over-wifi-smart-switch-basic-1gs"
"/product/sonoff-mini-extreme-zigbee-dimmer-switch-mini-zbdim","/products/sonoff-mini-extreme-zigbee-dimmer-switch-mini-zbdim"
"/index.php/product/sonoff-mini-extreme-zigbee-dimmer-switch-mini-zbdim","/products/sonoff-mini-extreme-zigbee-dimmer-switch-mini-zbdim"
"/product/sonoff-mini-extreme-wi-fi-smart-switch-minir4","/products/sonoff-mini-extreme-wi-fi-smart-switch-minir4"
"/index.php/product/sonoff-mini-extreme-wi-fi-smart-switch-minir4","/products/sonoff-mini-extreme-wi-fi-smart-switch-minir4"
"/product/sonoff-4chr3-4chpror3-4-gang-wi-fi-smart-switch-with-rf-control","/products/sonoff-4chr3-4chpror3-4-gang-wi-fi-smart-switch-with-rf-control"
"/index.php/product/sonoff-4chr3-4chpror3-4-gang-wi-fi-smart-switch-with-rf-control","/products/sonoff-4chr3-4chpror3-4-gang-wi-fi-smart-switch-with-rf-control"
"/product/sonoff-mini-extreme-matter-over-wifi-dimmer-switch-mini-dim","/products/sonoff-mini-extreme-matter-over-wifi-dimmer-switch-mini-dim"
"/index.php/product/sonoff-mini-extreme-matter-over-wifi-dimmer-switch-mini-dim","/products/sonoff-mini-extreme-matter-over-wifi-dimmer-switch-mini-dim"
"/product/sonoff-mini-duo-2-gang-matter-over-wifi-smart-switch-mini-2gs","/products/sonoff-mini-duo-2-gang-matter-over-wifi-smart-switch-mini-2gs"
"/index.php/product/sonoff-mini-duo-2-gang-matter-over-wifi-smart-switch-mini-2gs","/products/sonoff-mini-duo-2-gang-matter-over-wifi-smart-switch-mini-2gs"
"/product/sonoff-dualr3-dualr3-lite-dual-relay-two-way-power-metering-smart-switch","/products/sonoff-dualr3-dualr3-lite-dual-relay-two-way-power-metering-smart-switch"
"/index.php/product/sonoff-dualr3-dualr3-lite-dual-relay-two-way-power-metering-smart-switch","/products/sonoff-dualr3-dualr3-lite-dual-relay-two-way-power-metering-smart-switch"
"/product/zbmicro","/products/zbmicro"
"/index.php/product/zbmicro","/products/zbmicro"
"/product/sonoff-ifan04-wi-fi-ceiling-fan-and-light-controller","/products/sonoff-ifan04-wi-fi-ceiling-fan-and-light-controller"
"/index.php/product/sonoff-ifan04-wi-fi-ceiling-fan-and-light-controller","/products/sonoff-ifan04-wi-fi-ceiling-fan-and-light-controller"
"/product/sonoff-pow-ring-smart-power-meter-powct","/products/sonoff-pow-ring-smart-power-meter-powct"
"/index.php/product/sonoff-pow-ring-smart-power-meter-powct","/products/sonoff-pow-ring-smart-power-meter-powct"
"/product/sonoff-th-origin-smart-temperature-and-humidity-monitoring-switch-th10-16-upgrade-version-thr316-thr320","/products/sonoff-th-origin-smart-temperature-and-humidity-monitoring-switch-th10-16-upgrade-version-thr316-thr320"
"/index.php/product/sonoff-th-origin-smart-temperature-and-humidity-monitoring-switch-th10-16-upgrade-version-thr316-thr320","/products/sonoff-th-origin-smart-temperature-and-humidity-monitoring-switch-th10-16-upgrade-version-thr316-thr320"
"/product/sonoff-pow-elite-smart-power-meter-switch-powr316d-powr320d","/products/sonoff-pow-elite-smart-power-meter-switch-powr316d-powr320d"
"/index.php/product/sonoff-pow-elite-smart-power-meter-switch-powr316d-powr320d","/products/sonoff-pow-elite-smart-power-meter-switch-powr316d-powr320d"
"/product/sonoff-s-mate-extreme-switch-mate-s-mate2","/products/sonoff-s-mate-extreme-switch-mate-s-mate2"
"/index.php/product/sonoff-s-mate-extreme-switch-mate-s-mate2","/products/sonoff-s-mate-extreme-switch-mate-s-mate2"
"/product/sonoff-powr3-high-power-smart-switch","/products/sonoff-powr3-high-power-smart-switch"
"/index.php/product/sonoff-powr3-high-power-smart-switch","/products/sonoff-powr3-high-power-smart-switch"
"/product/sonoff-pow-origin-smart-power-meter-switch-powr316","/products/sonoff-pow-origin-smart-power-meter-switch-powr316"
"/index.php/product/sonoff-pow-origin-smart-power-meter-switch-powr316","/products/sonoff-pow-origin-smart-power-meter-switch-powr316"
"/product/sonoff-smart-stackable-power-meter-spm","/products/sonoff-smart-stackable-power-meter-spm"
"/index.php/product/sonoff-smart-stackable-power-meter-spm","/products/sonoff-smart-stackable-power-meter-spm"
"/product/sonoff-minir2-two-way-smart-switch","/products/sonoff-minir2-two-way-smart-switch"
"/index.php/product/sonoff-minir2-two-way-smart-switch","/products/sonoff-minir2-two-way-smart-switch"
"/product/sonoff-nspanel-smart-scene-wall-switch86-eu-type-120-type","/products/sonoff-nspanel-smart-scene-wall-switch86-eu-type-120-type"
"/index.php/product/sonoff-nspanel-smart-scene-wall-switch86-eu-type-120-type","/products/sonoff-nspanel-smart-scene-wall-switch86-eu-type-120-type"
"/product/sonoff-nspanel-pro-smart-home-control-panel-86-type-2","/products/sonoff-nspanel-pro-smart-home-control-panel-86-type-2"
"/index.php/product/sonoff-nspanel-pro-smart-home-control-panel-86-type-2","/products/sonoff-nspanel-pro-smart-home-control-panel-86-type-2"
"/product/sonoff-switchman-zigbee-smart-wall-switch-zbm5-80-86-type","/products/sonoff-switchman-zigbee-smart-wall-switch-zbm5-80-86-type"
"/index.php/product/sonoff-switchman-zigbee-smart-wall-switch-zbm5-80-86-type","/products/sonoff-switchman-zigbee-smart-wall-switch-zbm5-80-86-type"
"/product/sonoff-th-elite-smart-temperature-and-humidity-monitoring-switch-thr316d-thr320d","/products/sonoff-th-elite-smart-temperature-and-humidity-monitoring-switch-thr316d-thr320d"
"/index.php/product/sonoff-th-elite-smart-temperature-and-humidity-monitoring-switch-thr316d-thr320d","/products/sonoff-th-elite-smart-temperature-and-humidity-monitoring-switch-thr316d-thr320d"
"/product/sonoff-switchman-smart-wall-switch-m5-matter","/products/sonoff-switchman-smart-wall-switch-m5-matter"
"/index.php/product/sonoff-switchman-smart-wall-switch-m5-matter","/products/sonoff-switchman-smart-wall-switch-m5-matter"
"/product/sonoff-switchman-zigbee-smart-wall-switch-zbm5","/products/sonoff-switchman-zigbee-smart-wall-switch-zbm5"
"/index.php/product/sonoff-switchman-zigbee-smart-wall-switch-zbm5","/products/sonoff-switchman-zigbee-smart-wall-switch-zbm5"
"/product/sonoff-tx-ultimate-smart-touch-wall-switch-t5","/products/sonoff-tx-ultimate-smart-touch-wall-switch-t5"
"/index.php/product/sonoff-tx-ultimate-smart-touch-wall-switch-t5","/products/sonoff-tx-ultimate-smart-touch-wall-switch-t5"
"/product/sonoff-switchman-smart-wall-switch-m5","/products/sonoff-switchman-smart-wall-switch-m5"
"/index.php/product/sonoff-switchman-smart-wall-switch-m5","/products/sonoff-switchman-smart-wall-switch-m5"
"/product/sonoff-tx-gen2-smart-touch-wall-switch-t6-120-type","/products/sonoff-tx-gen2-smart-touch-wall-switch-t6-120-type"
"/index.php/product/sonoff-tx-gen2-smart-touch-wall-switch-t6-120-type","/products/sonoff-tx-gen2-smart-touch-wall-switch-t6-120-type"
"/product/sonoff-tx-series-wifi-wall-switches-t2-t3-eu","/products/sonoff-tx-series-wifi-wall-switches-t2-t3-eu"
"/index.php/product/sonoff-tx-series-wifi-wall-switches-t2-t3-eu","/products/sonoff-tx-series-wifi-wall-switches-t2-t3-eu"
"/product/sonoff-orb-4-in-1-zigbee-smart-scene-button-snzb-01m","/products/sonoff-orb-4-in-1-zigbee-smart-scene-button-snzb-01m"
"/index.php/product/sonoff-orb-4-in-1-zigbee-smart-scene-button-snzb-01m","/products/sonoff-orb-4-in-1-zigbee-smart-scene-button-snzb-01m"
"/product/sonoff-orb-mw2-matter-over-wifi-double-smart-wall-switch-mini-2gs-e","/products/sonoff-orb-mw2-matter-over-wifi-double-smart-wall-switch-mini-2gs-e"
"/index.php/product/sonoff-orb-mw2-matter-over-wifi-double-smart-wall-switch-mini-2gs-e","/products/sonoff-orb-mw2-matter-over-wifi-double-smart-wall-switch-mini-2gs-e"
"/product/sonoff-orb-zbw2-zigbee-double-smart-wall-switch-mini-zb2gs-e","/products/sonoff-orb-zbw2-zigbee-double-smart-wall-switch-mini-zb2gs-e"
"/index.php/product/sonoff-orb-zbw2-zigbee-double-smart-wall-switch-mini-zb2gs-e","/products/sonoff-orb-zbw2-zigbee-double-smart-wall-switch-mini-zb2gs-e"
"/product/sonoff-orb-zbw2l-zigbee-double-smart-wall-switch-mini-zb2gs-l-e","/products/sonoff-orb-zbw2l-zigbee-double-smart-wall-switch-mini-zb2gs-l-e"
"/index.php/product/sonoff-orb-zbw2l-zigbee-double-smart-wall-switch-mini-zb2gs-l-e","/products/sonoff-orb-zbw2l-zigbee-double-smart-wall-switch-mini-zb2gs-l-e"
"/product/sonoff-fusion-series-1-gang-wall-switch-enclosure-e1gs-e1gsl","/products/sonoff-fusion-series-1-gang-wall-switch-enclosure-e1gs-e1gsl"
"/index.php/product/sonoff-fusion-series-1-gang-wall-switch-enclosure-e1gs-e1gsl","/products/sonoff-fusion-series-1-gang-wall-switch-enclosure-e1gs-e1gsl"
"/product/sonoff-fusion-series-orb-rbs-matter-over-wifi-smart-roller-shutter-wall-switch-mini-rbs-e","/products/sonoff-fusion-series-orb-rbs-matter-over-wifi-smart-roller-shutter-wall-switch-mini-rbs-e"
"/index.php/product/sonoff-fusion-series-orb-rbs-matter-over-wifi-smart-roller-shutter-wall-switch-mini-rbs-e","/products/sonoff-fusion-series-orb-rbs-matter-over-wifi-smart-roller-shutter-wall-switch-mini-rbs-e"
"/product/sonoff-fusion-series-orb-2-3-gang-wall-switch-frame-ef2g-ef3g","/products/sonoff-fusion-series-orb-2-3-gang-wall-switch-frame-ef2g-ef3g"
"/index.php/product/sonoff-fusion-series-orb-2-3-gang-wall-switch-frame-ef2g-ef3g","/products/sonoff-fusion-series-orb-2-3-gang-wall-switch-frame-ef2g-ef3g"
"/product/sonoff-fusion-series-roller-shutter-wall-switch-enclosure-erbs","/products/sonoff-fusion-series-roller-shutter-wall-switch-enclosure-erbs"
"/index.php/product/sonoff-fusion-series-roller-shutter-wall-switch-enclosure-erbs","/products/sonoff-fusion-series-roller-shutter-wall-switch-enclosure-erbs"
"/product/sonoff-fusion-series-orb-zbrbs-zigbee-smart-roller-shutter-wall-switch-mini-zbrbs-e","/products/sonoff-fusion-series-orb-zbrbs-zigbee-smart-roller-shutter-wall-switch-mini-zbrbs-e"
"/index.php/product/sonoff-fusion-series-orb-zbrbs-zigbee-smart-roller-shutter-wall-switch-mini-zbrbs-e","/products/sonoff-fusion-series-orb-zbrbs-zigbee-smart-roller-shutter-wall-switch-mini-zbrbs-e"
"/product/sonoff-fusion-series-orb-zbw1l-zigbee-smart-wall-switch-no-neutral-required-zbminil2-e","/products/sonoff-fusion-series-orb-zbw1l-zigbee-smart-wall-switch-no-neutral-required-zbminil2-e"
"/index.php/product/sonoff-fusion-series-orb-zbw1l-zigbee-smart-wall-switch-no-neutral-required-zbminil2-e","/products/sonoff-fusion-series-orb-zbw1l-zigbee-smart-wall-switch-no-neutral-required-zbminil2-e"
"/product/sonoff-fusion-series-orb-mw1-matter-over-wifi-smart-wall-switch-minir4m-e","/products/sonoff-fusion-series-orb-mw1-matter-over-wifi-smart-wall-switch-minir4m-e"
"/index.php/product/sonoff-fusion-series-orb-mw1-matter-over-wifi-smart-wall-switch-minir4m-e","/products/sonoff-fusion-series-orb-mw1-matter-over-wifi-smart-wall-switch-minir4m-e"
"/product/sonoff-orb-zbdim-zigbee-dimmer-wall-switch-mini-zbdim-e","/products/sonoff-orb-zbdim-zigbee-dimmer-wall-switch-mini-zbdim-e"
"/index.php/product/sonoff-orb-zbdim-zigbee-dimmer-wall-switch-mini-zbdim-e","/products/sonoff-orb-zbdim-zigbee-dimmer-wall-switch-mini-zbdim-e"
"/product/sonoff-orb-dim-matter-over-wifi-dimmer-wall-switch-mini-dim-e","/products/sonoff-orb-dim-matter-over-wifi-dimmer-wall-switch-mini-dim-e"
"/index.php/product/sonoff-orb-dim-matter-over-wifi-dimmer-wall-switch-mini-dim-e","/products/sonoff-orb-dim-matter-over-wifi-dimmer-wall-switch-mini-dim-e"
"/product/sonoff-fusion-series-non-smart-traditional-wall-socket-ws01stpf-e","/products/sonoff-fusion-series-non-smart-traditional-wall-socket-ws01stpf-e"
"/index.php/product/sonoff-fusion-series-non-smart-traditional-wall-socket-ws01stpf-e","/products/sonoff-fusion-series-non-smart-traditional-wall-socket-ws01stpf-e"
"/product/sonoff-orb-socket-matter-over-wifi-smart-european-wall-socket-ws01tpe-e-ws01tpf-e","/products/sonoff-orb-socket-matter-over-wifi-smart-european-wall-socket-ws01tpe-e-ws01tpf-e"
"/index.php/product/sonoff-orb-socket-matter-over-wifi-smart-european-wall-socket-ws01tpe-e-ws01tpf-e","/products/sonoff-orb-socket-matter-over-wifi-smart-european-wall-socket-ws01tpe-e-ws01tpf-e"
"/product/sonoff-fusion-series-double-switch-enclosure-e2gs","/products/sonoff-fusion-series-double-switch-enclosure-e2gs"
"/index.php/product/sonoff-fusion-series-double-switch-enclosure-e2gs","/products/sonoff-fusion-series-double-switch-enclosure-e2gs"
"/product/sonoff-fusion-series-dimmer-switch-enclosure-edim","/products/sonoff-fusion-series-dimmer-switch-enclosure-edim"
"/index.php/product/sonoff-fusion-series-dimmer-switch-enclosure-edim","/products/sonoff-fusion-series-dimmer-switch-enclosure-edim"
"/product/sonoff-iplug-zigbee-smart-plug-s60-series","/products/sonoff-iplug-zigbee-smart-plug-s60-series"
"/index.php/product/sonoff-iplug-zigbee-smart-plug-s60-series","/products/sonoff-iplug-zigbee-smart-plug-s60-series"
"/product/sonoff-iplug-wi-fi-smart-plug-s60-series","/products/sonoff-iplug-wi-fi-smart-plug-s60-series"
"/index.php/product/sonoff-iplug-wi-fi-smart-plug-s60-series","/products/sonoff-iplug-wi-fi-smart-plug-s60-series"
"/product/sonoff-zigbee-smart-plug-iplug-series-s40-lite","/products/sonoff-zigbee-smart-plug-iplug-series-s40-lite"
"/index.php/product/sonoff-zigbee-smart-plug-iplug-series-s40-lite","/products/sonoff-zigbee-smart-plug-iplug-series-s40-lite"
"/product/sonoff-s31-lite-zb-smart-plug-us-type-zigbee-version","/products/sonoff-s31-lite-zb-smart-plug-us-type-zigbee-version"
"/index.php/product/sonoff-s31-lite-zb-smart-plug-us-type-zigbee-version","/products/sonoff-s31-lite-zb-smart-plug-us-type-zigbee-version"
"/product/sonoff-orb-socket-matter-over-wifi-smart-european-wall-socket-ws01tpe-e-ws01tpf-e-2","/products/sonoff-orb-socket-matter-over-wifi-smart-european-wall-socket-ws01tpe-e-ws01tpf-e-2"
"/index.php/product/sonoff-orb-socket-matter-over-wifi-smart-european-wall-socket-ws01tpe-e-ws01tpf-e-2","/products/sonoff-orb-socket-matter-over-wifi-smart-european-wall-socket-ws01tpe-e-ws01tpf-e-2"
"/product/nspanel120p","/products/nspanel120p"
"/index.php/product/nspanel120p","/products/nspanel120p"
"/product/sonoff-snzb-02d-zigbee-lcd-smart-temperature-humidity-sensor","/products/sonoff-snzb-02d-zigbee-lcd-smart-temperature-humidity-sensor"
"/index.php/product/sonoff-snzb-02d-zigbee-lcd-smart-temperature-humidity-sensor","/products/sonoff-snzb-02d-zigbee-lcd-smart-temperature-humidity-sensor"
"/product/sonoff-snzb-02d-zigbee-lcd-smart-temperature-humidity-sensor-2","/products/sonoff-snzb-02d-zigbee-lcd-smart-temperature-humidity-sensor-2"
"/index.php/product/sonoff-snzb-02d-zigbee-lcd-smart-temperature-humidity-sensor-2","/products/sonoff-snzb-02d-zigbee-lcd-smart-temperature-humidity-sensor-2"
"/product/sonoff-snzb-02wd-ip65-zigbee-lcd-smart-temperature-humidity-sensor","/products/sonoff-snzb-02wd-ip65-zigbee-lcd-smart-temperature-humidity-sensor"
"/index.php/product/sonoff-snzb-02wd-ip65-zigbee-lcd-smart-temperature-humidity-sensor","/products/sonoff-snzb-02wd-ip65-zigbee-lcd-smart-temperature-humidity-sensor"
"/product/sonoff-zigbee-human-presence-sensor-snzb-06p","/products/sonoff-zigbee-human-presence-sensor-snzb-06p"
"/index.php/product/sonoff-zigbee-human-presence-sensor-snzb-06p","/products/sonoff-zigbee-human-presence-sensor-snzb-06p"
"/product/sonoff-zigbee-temperature-and-humidity-sensor-snzb-02p","/products/sonoff-zigbee-temperature-and-humidity-sensor-snzb-02p"
"/index.php/product/sonoff-zigbee-temperature-and-humidity-sensor-snzb-02p","/products/sonoff-zigbee-temperature-and-humidity-sensor-snzb-02p"
"/product/sonoff-dongle-max-zigbee-thread-poe-dongle-dongle-m","/products/sonoff-dongle-max-zigbee-thread-poe-dongle-dongle-m"
"/index.php/product/sonoff-dongle-max-zigbee-thread-poe-dongle-dongle-m","/products/sonoff-dongle-max-zigbee-thread-poe-dongle-dongle-m"
"/category/loytec/accessories","/collections/accessories"
"/index.php/category/loytec/accessories","/collections/accessories"
"/category/segments/smart-home/apartments","/collections/all"
"/index.php/category/segments/smart-home/apartments","/collections/all"
"/category/products/bms/automation-servers","/collections/bms"
"/index.php/category/products/bms/automation-servers","/collections/bms"
"/category/products/wireless/ble","/collections/all"
"/index.php/category/products/wireless/ble","/collections/all"
"/category/products/bms/bms-software","/collections/bms"
"/index.php/category/products/bms/bms-software","/collections/bms"
"/category/products/bms/bms-thermostat","/collections/bms"
"/index.php/category/products/bms/bms-thermostat","/collections/bms"
"/category/products/bms","/collections/bms"
"/index.php/category/products/bms","/collections/bms"
"/category/segments/buildings","/collections/all"
"/index.php/category/segments/buildings","/collections/all"
"/category/company","/pages/about"
"/index.php/category/company","/pages/about"
"/category/company/company-profile","/pages/about"
"/index.php/category/company/company-profile","/pages/about"
"/category/segments/connectivity","/collections/connectivity"
"/index.php/category/segments/connectivity","/collections/connectivity"
"/category/products/control-cables","/collections/all"
"/index.php/category/products/control-cables","/collections/all"
"/category/products/iot-home-automation/curtain-motors","/collections/home-automation"
"/index.php/category/products/iot-home-automation/curtain-motors","/collections/home-automation"
"/category/products/lighting-control/dali-controller","/collections/lighting-control"
"/index.php/category/products/lighting-control/dali-controller","/collections/lighting-control"
"/category/products/iot-home-automation/dimmers-iot-home-automation","/collections/home-automation"
"/index.php/category/products/iot-home-automation/dimmers-iot-home-automation","/collections/home-automation"
"/category/products/lighting-control/dimmers","/collections/lighting-control"
"/index.php/category/products/lighting-control/dimmers","/collections/lighting-control"
"/category/products/lighting-control/dmx-controller","/collections/lighting-control"
"/index.php/category/products/lighting-control/dmx-controller","/collections/lighting-control"
"/category/products/door-locks","/collections/all"
"/index.php/category/products/door-locks","/collections/all"
"/category/products/iot-home-automation/door-lock","/collections/home-automation"
"/index.php/category/products/iot-home-automation/door-lock","/collections/home-automation"
"/category/products/iot-home-automation/electrical","/collections/home-automation"
"/index.php/category/products/iot-home-automation/electrical","/collections/home-automation"
"/category/products/iot-home-automation/environment-iot-home-automation","/collections/home-automation"
"/index.php/category/products/iot-home-automation/environment-iot-home-automation","/collections/home-automation"
"/category/products/bms/environment-bms","/collections/bms"
"/index.php/category/products/bms/environment-bms","/collections/bms"
"/category/products/grms/environment","/collections/grms"
"/index.php/category/products/grms/environment","/collections/grms"
"/category/products/lighting-control/environment-lighting-control","/collections/lighting-control"
"/index.php/category/products/lighting-control/environment-lighting-control","/collections/lighting-control"
"/category/products/bms/ev-charger-gateway","/collections/bms"
"/index.php/category/products/bms/ev-charger-gateway","/collections/bms"
"/category/products/bms/gateway","/collections/bms"
"/index.php/category/products/bms/gateway","/collections/bms"
"/category/segments/connectivity/gateways","/collections/connectivity"
"/index.php/category/segments/connectivity/gateways","/collections/connectivity"
"/category/products/grms","/collections/grms"
"/index.php/category/products/grms","/collections/grms"
"/category/products/grms/grms-software","/collections/grms"
"/index.php/category/products/grms/grms-software","/collections/grms"
"/category/segments/connectivity/hmi","/collections/connectivity"
"/index.php/category/segments/connectivity/hmi","/collections/connectivity"
"/category/products/hmi-touch-screens","/collections/all"
"/index.php/category/products/hmi-touch-screens","/collections/all"
"/category/products/iot-home-automation/home-automation-software","/collections/home-automation"
"/index.php/category/products/iot-home-automation/home-automation-software","/collections/home-automation"
"/category/segments/buildings/hospitality","/collections/all"
"/index.php/category/segments/buildings/hospitality","/collections/all"
"/category/products/bms/i-o-controllers","/collections/bms"
"/index.php/category/products/bms/i-o-controllers","/collections/bms"
"/category/products/bms/i-o-modules","/collections/bms"
"/index.php/category/products/bms/i-o-modules","/collections/bms"
"/category/segments/industrial","/collections/all"
"/index.php/category/segments/industrial","/collections/all"
"/category/loytec/interfaces","/pages/loytec"
"/index.php/category/loytec/interfaces","/pages/loytec"
"/category/company/projects-and-references/international","/pages/projects"
"/index.php/category/company/projects-and-references/international","/pages/projects"
"/category/products/iot-home-automation/io-modules-iot-home-automation","/collections/home-automation"
"/index.php/category/products/iot-home-automation/io-modules-iot-home-automation","/collections/home-automation"
"/category/products/grms/io-modules","/collections/grms"
"/index.php/category/products/grms/io-modules","/collections/grms"
"/category/segments/connectivity/iot","/collections/connectivity"
"/index.php/category/segments/connectivity/iot","/collections/connectivity"
"/category/products/iot-home-automation","/collections/home-automation"
"/index.php/category/products/iot-home-automation","/collections/home-automation"
"/category/company/projects-and-references/jordan","/pages/projects"
"/index.php/category/company/projects-and-references/jordan","/pages/projects"
"/category/company/projects-and-references/ksa","/pages/projects"
"/index.php/category/company/projects-and-references/ksa","/pages/projects"
"/category/loytec/l-inx","/pages/loytec"
"/index.php/category/loytec/l-inx","/pages/loytec"
"/category/loytec/l-iob","/pages/loytec"
"/index.php/category/loytec/l-iob","/pages/loytec"
"/category/loytec/l-ip","/pages/loytec"
"/index.php/category/loytec/l-ip","/pages/loytec"
"/category/loytec/l-roc","/pages/loytec"
"/index.php/category/loytec/l-roc","/pages/loytec"
"/category/loytec/l-stat","/pages/loytec"
"/index.php/category/loytec/l-stat","/pages/loytec"
"/category/loytec/l-vis","/pages/loytec"
"/index.php/category/loytec/l-vis","/pages/loytec"
"/category/loytec/l-web","/pages/loytec"
"/index.php/category/loytec/l-web","/pages/loytec"
"/category/loytec/ldali","/pages/loytec"
"/index.php/category/loytec/ldali","/pages/loytec"
"/category/loytec/lgate","/pages/loytec"
"/index.php/category/loytec/lgate","/pages/loytec"
"/category/products/lighting-control","/collections/lighting-control"
"/index.php/category/products/lighting-control","/collections/lighting-control"
"/category/products/lighting-control/lighting-sensors","/collections/lighting-control"
"/index.php/category/products/lighting-control/lighting-sensors","/collections/lighting-control"
"/category/products/iot-home-automation/lighting-sensors-iot-home-automation","/collections/home-automation"
"/index.php/category/products/iot-home-automation/lighting-sensors-iot-home-automation","/collections/home-automation"
"/category/products/grms/lighting-sensors-grms","/collections/grms"
"/index.php/category/products/grms/lighting-sensors-grms","/collections/grms"
"/category/products/lighting-control/lighting-software","/collections/lighting-control"
"/index.php/category/products/lighting-control/lighting-software","/collections/lighting-control"
"/category/loytec","/pages/loytec"
"/index.php/category/loytec","/pages/loytec"
"/category/loytec/lpad7","/pages/loytec"
"/index.php/category/loytec/lpad7","/pages/loytec"
"/category/company/projects-and-references/morocco","/pages/projects"
"/index.php/category/company/projects-and-references/morocco","/pages/projects"
"/category/segments/industrial/plc","/collections/all"
"/index.php/category/segments/industrial/plc","/collections/all"
"/category/products/iot-home-automation/power-supply-accessories-iot-home-automation","/collections/accessories"
"/index.php/category/products/iot-home-automation/power-supply-accessories-iot-home-automation","/collections/accessories"
"/category/products/bms/power-supply-accessories-bms","/collections/accessories"
"/index.php/category/products/bms/power-supply-accessories-bms","/collections/accessories"
"/category/products","/collections/all"
"/index.php/category/products","/collections/all"
"/category/company/projects-and-references","/pages/projects"
"/index.php/category/company/projects-and-references","/pages/projects"
"/category/products/lighting-control/push-button","/collections/lighting-control"
"/index.php/category/products/lighting-control/push-button","/collections/lighting-control"
"/category/company/projects-and-references/qatar","/pages/projects"
"/index.php/category/company/projects-and-references/qatar","/pages/projects"
"/category/products/lighting-control/relay-module","/collections/lighting-control"
"/index.php/category/products/lighting-control/relay-module","/collections/lighting-control"
"/category/products/iot-home-automation/relay-modules","/collections/home-automation"
"/index.php/category/products/iot-home-automation/relay-modules","/collections/home-automation"
"/category/products/standalone/robots","/collections/standalone"
"/index.php/category/products/standalone/robots","/collections/standalone"
"/category/products/iot-home-automation/room-controllers-iot-home-automation","/collections/home-automation"
"/index.php/category/products/iot-home-automation/room-controllers-iot-home-automation","/collections/home-automation"
"/category/products/grms/room-controllers","/collections/grms"
"/index.php/category/products/grms/room-controllers","/collections/grms"
"/category/segments","/collections/all"
"/index.php/category/segments","/collections/all"
"/category/products/standalone/sensors","/collections/standalone"
"/index.php/category/products/standalone/sensors","/collections/standalone"
"/category/products/iot-home-automation/smart-cameras","/collections/home-automation"
"/index.php/category/products/iot-home-automation/smart-cameras","/collections/home-automation"
"/category/segments/smart-home","/collections/all"
"/index.php/category/segments/smart-home","/collections/all"
"/category/products/iot-home-automation/smart-lights","/collections/home-automation"
"/index.php/category/products/iot-home-automation/smart-lights","/collections/home-automation"
"/category/products/iot-home-automation/speakers","/collections/home-automation"
"/index.php/category/products/iot-home-automation/speakers","/collections/home-automation"
"/category/products/standalone","/collections/standalone"
"/index.php/category/products/standalone","/collections/standalone"
"/category/products/standalone/switches","/collections/standalone"
"/index.php/category/products/standalone/switches","/collections/standalone"
"/category/products/standalone/thermostat","/collections/standalone"
"/index.php/category/products/standalone/thermostat","/collections/standalone"
"/category/products/grms/thermostat-grms","/collections/grms"
"/index.php/category/products/grms/thermostat-grms","/collections/grms"
"/category/products/iot-home-automation/thermostat-ac-control","/collections/home-automation"
"/index.php/category/products/iot-home-automation/thermostat-ac-control","/collections/home-automation"
"/category/products/iot-home-automation/touch-pad-iot-home-automation","/collections/home-automation"
"/index.php/category/products/iot-home-automation/touch-pad-iot-home-automation","/collections/home-automation"
"/category/products/grms/touch-pad","/collections/grms"
"/index.php/category/products/grms/touch-pad","/collections/grms"
"/category/products/lighting-control/touch-pad-lighting-control","/collections/lighting-control"
"/index.php/category/products/lighting-control/touch-pad-lighting-control","/collections/lighting-control"
"/category/products/lighting-control/touch-panel","/collections/lighting-control"
"/index.php/category/products/lighting-control/touch-panel","/collections/lighting-control"
"/category/products/lighting-control/touch-screen","/collections/lighting-control"
"/index.php/category/products/lighting-control/touch-screen","/collections/lighting-control"
"/category/products/grms/touch-screens","/collections/grms"
"/index.php/category/products/grms/touch-screens","/collections/grms"
"/category/products/iot-home-automation/touch-screens-iot-home-automation","/collections/home-automation"
"/index.php/category/products/iot-home-automation/touch-screens-iot-home-automation","/collections/home-automation"
"/category/products/bms/touch-screens-bms","/collections/bms"
"/index.php/category/products/bms/touch-screens-bms","/collections/bms"
"/category/company/projects-and-references/uae","/pages/projects"
"/index.php/category/company/projects-and-references/uae","/pages/projects"
"/category/uncategorized","/collections/all"
"/index.php/category/uncategorized","/collections/all"
"/category/segments/smart-home/villas","/collections/all"
"/index.php/category/segments/smart-home/villas","/collections/all"
"/category/products/wireless","/collections/all"
"/index.php/category/products/wireless","/collections/all"
"/category/products/iot-home-automation/zigbee-driver","/collections/home-automation"
"/index.php/category/products/iot-home-automation/zigbee-driver","/collections/home-automation"
"/tag/ac-control","/collections/all"
"/index.php/tag/ac-control","/collections/all"
"/tag/accessories","/collections/accessories"
"/index.php/tag/accessories","/collections/accessories"
"/tag/actuators","/collections/all"
"/index.php/tag/actuators","/collections/all"
"/tag/air-quality-sensor","/collections/all"
"/index.php/tag/air-quality-sensor","/collections/all"
"/tag/api","/collections/all"
"/index.php/tag/api","/collections/all"
"/tag/automation-server","/collections/all"
"/index.php/tag/automation-server","/collections/all"
"/tag/bacnet","/collections/all"
"/index.php/tag/bacnet","/collections/all"
"/tag/bluetooth","/collections/all"
"/index.php/tag/bluetooth","/collections/all"
"/tag/bms","/collections/bms"
"/index.php/tag/bms","/collections/bms"
"/tag/bms-cable","/collections/bms"
"/index.php/tag/bms-cable","/collections/bms"
"/tag/bms-software","/collections/bms"
"/index.php/tag/bms-software","/collections/bms"
"/tag/cea-709","/collections/all"
"/index.php/tag/cea-709","/collections/all"
"/tag/cea%e2%80%91709","/collections/all"
"/index.php/tag/cea%e2%80%91709","/collections/all"
"/tag/company-profile","/pages/about"
"/index.php/tag/company-profile","/pages/about"
"/tag/control-cables","/collections/all"
"/index.php/tag/control-cables","/collections/all"
"/tag/controller","/collections/all"
"/index.php/tag/controller","/collections/all"
"/tag/converter","/collections/all"
"/index.php/tag/converter","/collections/all"
"/tag/curtain-motors","/collections/all"
"/index.php/tag/curtain-motors","/collections/all"
"/tag/dali","/collections/all"
"/index.php/tag/dali","/collections/all"
"/tag/dali-cable","/collections/all"
"/index.php/tag/dali-cable","/collections/all"
"/tag/dali-controllers","/collections/all"
"/index.php/tag/dali-controllers","/collections/all"
"/tag/dali-dimmer","/collections/all"
"/index.php/tag/dali-dimmer","/collections/all"
"/tag/dali-gateway","/collections/all"
"/index.php/tag/dali-gateway","/collections/all"
"/tag/dali-phase-cut-dimmer","/collections/all"
"/index.php/tag/dali-phase-cut-dimmer","/collections/all"
"/tag/dali-power-suply","/collections/all"
"/index.php/tag/dali-power-suply","/collections/all"
"/tag/dali-2","/collections/all"
"/index.php/tag/dali-2","/collections/all"
"/tag/dalli-cable","/collections/all"
"/index.php/tag/dalli-cable","/collections/all"
"/tag/dimmers","/collections/all"
"/index.php/tag/dimmers","/collections/all"
"/tag/dmx-controller","/collections/all"
"/index.php/tag/dmx-controller","/collections/all"
"/tag/dmx512","/collections/all"
"/index.php/tag/dmx512","/collections/all"
"/tag/door-lock","/collections/all"
"/index.php/tag/door-lock","/collections/all"
"/tag/dvs-110w02-3sfp","/collections/all"
"/index.php/tag/dvs-110w02-3sfp","/collections/all"
"/tag/electrical","/collections/all"
"/index.php/tag/electrical","/collections/all"
"/tag/engineering-tool","/collections/all"
"/index.php/tag/engineering-tool","/collections/all"
"/tag/enocean","/collections/all"
"/index.php/tag/enocean","/collections/all"
"/tag/environment","/collections/all"
"/index.php/tag/environment","/collections/all"
"/tag/ev-charger-gateway","/collections/all"
"/index.php/tag/ev-charger-gateway","/collections/all"
"/tag/fan-coil-thermostat","/collections/all"
"/index.php/tag/fan-coil-thermostat","/collections/all"
"/tag/g-series","/collections/all"
"/index.php/tag/g-series","/collections/all"
"/tag/gateway","/collections/all"
"/index.php/tag/gateway","/collections/all"
"/tag/gateways","/collections/all"
"/index.php/tag/gateways","/collections/all"
"/tag/glass-l-vis","/collections/all"
"/index.php/tag/glass-l-vis","/collections/all"
"/tag/grms-software","/collections/grms"
"/index.php/tag/grms-software","/collections/grms"
"/tag/i-o-modules","/collections/all"
"/index.php/tag/i-o-modules","/collections/all"
"/tag/infrared-remote-control","/collections/all"
"/index.php/tag/infrared-remote-control","/collections/all"
"/tag/intercom","/collections/all"
"/index.php/tag/intercom","/collections/all"
"/tag/interfaces","/collections/all"
"/index.php/tag/interfaces","/collections/all"
"/tag/international","/collections/all"
"/index.php/tag/international","/collections/all"
"/tag/io-controller","/collections/all"
"/index.php/tag/io-controller","/collections/all"
"/tag/io-modules","/collections/all"
"/index.php/tag/io-modules","/collections/all"
"/tag/iot","/collections/all"
"/index.php/tag/iot","/collections/all"
"/tag/ip-852","/collections/all"
"/index.php/tag/ip-852","/collections/all"
"/tag/jordan","/collections/all"
"/index.php/tag/jordan","/collections/all"
"/tag/k1013","/collections/all"
"/index.php/tag/k1013","/collections/all"
"/tag/k1014","/collections/all"
"/index.php/tag/k1014","/collections/all"
"/tag/k1020","/collections/all"
"/index.php/tag/k1020","/collections/all"
"/tag/k1226","/collections/all"
"/index.php/tag/k1226","/collections/all"
"/tag/k1227","/collections/all"
"/index.php/tag/k1227","/collections/all"
"/tag/k1231","/collections/all"
"/index.php/tag/k1231","/collections/all"
"/tag/kcp-004","/collections/all"
"/index.php/tag/kcp-004","/collections/all"
"/tag/kdali","/collections/all"
"/index.php/tag/kdali","/collections/all"
"/tag/kdali-2b-m","/collections/all"
"/index.php/tag/kdali-2b-m","/collections/all"
"/tag/kdali-2b-p","/collections/all"
"/index.php/tag/kdali-2b-p","/collections/all"
"/tag/kdali-2b-p-pro","/collections/all"
"/index.php/tag/kdali-2b-p-pro","/collections/all"
"/tag/kdali-4b-g","/collections/all"
"/index.php/tag/kdali-4b-g","/collections/all"
"/tag/kdali-4b-m","/collections/all"
"/index.php/tag/kdali-4b-m","/collections/all"
"/tag/kdali-4b-p","/collections/all"
"/index.php/tag/kdali-4b-p","/collections/all"
"/tag/kdali-4b-p-pro","/collections/all"
"/index.php/tag/kdali-4b-p-pro","/collections/all"
"/tag/kdali-6b-g","/collections/all"
"/index.php/tag/kdali-6b-g","/collections/all"
"/tag/kdali-6b-p","/collections/all"
"/index.php/tag/kdali-6b-p","/collections/all"
"/tag/kdali-6b-p-pro","/collections/all"
"/index.php/tag/kdali-6b-p-pro","/collections/all"
"/tag/kdali-8b-g","/collections/all"
"/index.php/tag/kdali-8b-g","/collections/all"
"/tag/kdali-8b-m","/collections/all"
"/index.php/tag/kdali-8b-m","/collections/all"
"/tag/kdali-8b-p","/collections/all"
"/index.php/tag/kdali-8b-p","/collections/all"
"/tag/kdali-8b-p-pro","/collections/all"
"/index.php/tag/kdali-8b-p-pro","/collections/all"
"/tag/kdali-gw1i","/collections/all"
"/index.php/tag/kdali-gw1i","/collections/all"
"/tag/kdali-knx-2ch","/collections/all"
"/index.php/tag/kdali-knx-2ch","/collections/all"
"/tag/kdali-master-1ch","/collections/all"
"/index.php/tag/kdali-master-1ch","/collections/all"
"/tag/kdali-mw","/collections/all"
"/index.php/tag/kdali-mw","/collections/all"
"/tag/kdali-mw-ip65","/collections/all"
"/index.php/tag/kdali-mw-ip65","/collections/all"
"/tag/kdali-pbi","/collections/all"
"/index.php/tag/kdali-pbi","/collections/all"
"/tag/kdali-ph-1ch","/collections/all"
"/index.php/tag/kdali-ph-1ch","/collections/all"
"/tag/kdali-ph-2ch","/collections/all"
"/index.php/tag/kdali-ph-2ch","/collections/all"
"/tag/kdali-ph-4ch","/collections/all"
"/index.php/tag/kdali-ph-4ch","/collections/all"
"/tag/kdali-pir","/collections/all"
"/index.php/tag/kdali-pir","/collections/all"
"/tag/kdali-ps-din","/collections/all"
"/index.php/tag/kdali-ps-din","/collections/all"
"/tag/kdali-rm-10v","/collections/all"
"/index.php/tag/kdali-rm-10v","/collections/all"
"/tag/kdali-rm-1ch","/collections/all"
"/index.php/tag/kdali-rm-1ch","/collections/all"
"/tag/kdali-rm-4ch","/collections/all"
"/index.php/tag/kdali-rm-4ch","/collections/all"
"/tag/kdali-rpt","/collections/all"
"/index.php/tag/kdali-rpt","/collections/all"
"/tag/kdmx-gwi","/collections/all"
"/index.php/tag/kdmx-gwi","/collections/all"
"/tag/kdmx-splitter","/collections/all"
"/index.php/tag/kdmx-splitter","/collections/all"
"/tag/ke-occ-24d","/collections/all"
"/index.php/tag/ke-occ-24d","/collections/all"
"/tag/kepler","/collections/all"
"/index.php/tag/kepler","/collections/all"
"/tag/kepler-electronics","/collections/all"
"/index.php/tag/kepler-electronics","/collections/all"
"/tag/kmod-rm32","/collections/all"
"/index.php/tag/kmod-rm32","/collections/all"
"/tag/knx","/collections/all"
"/index.php/tag/knx","/collections/all"
"/tag/komx-gateway","/collections/all"
"/index.php/tag/komx-gateway","/collections/all"
"/tag/kpad-10-7-iot-touch-screen","/collections/all"
"/index.php/tag/kpad-10-7-iot-touch-screen","/collections/all"
"/tag/ksa","/collections/all"
"/index.php/tag/ksa","/collections/all"
"/tag/kstat","/collections/all"
"/index.php/tag/kstat","/collections/all"
"/tag/kstat-fc09-fvmn-24","/collections/all"
"/index.php/tag/kstat-fc09-fvmn-24","/collections/all"
"/tag/kstat-wf11-fc-4dmw24","/collections/all"
"/index.php/tag/kstat-wf11-fc-4dmw24","/collections/all"
"/tag/kstat-wf11-fc-ecmn-24","/collections/all"
"/index.php/tag/kstat-wf11-fc-ecmn-24","/collections/all"
"/tag/kstat-xfc01-mw","/collections/all"
"/index.php/tag/kstat-xfc01-mw","/collections/all"
"/tag/kzig-g-xg","/collections/all"
"/index.php/tag/kzig-g-xg","/collections/all"
"/tag/kzig-p-xg","/collections/all"
"/index.php/tag/kzig-p-xg","/collections/all"
"/tag/l-act","/collections/all"
"/index.php/tag/l-act","/collections/all"
"/tag/l-act-actuators","/collections/all"
"/index.php/tag/l-act-actuators","/collections/all"
"/tag/l-act-frame1","/collections/all"
"/index.php/tag/l-act-frame1","/collections/all"
"/tag/l-act101-mp","/collections/all"
"/index.php/tag/l-act101-mp","/collections/all"
"/tag/l-act102-mp","/collections/all"
"/index.php/tag/l-act102-mp","/collections/all"
"/tag/l-dali-wired","/collections/all"
"/index.php/tag/l-dali-wired","/collections/all"
"/tag/l-eno","/collections/all"
"/index.php/tag/l-eno","/collections/all"
"/tag/l-inx","/collections/all"
"/index.php/tag/l-inx","/collections/all"
"/tag/l-iob","/collections/all"
"/index.php/tag/l-iob","/collections/all"
"/tag/l-ip","/collections/all"
"/index.php/tag/l-ip","/collections/all"
"/tag/l-knx","/collections/all"
"/index.php/tag/l-knx","/collections/all"
"/tag/l-pow","/collections/all"
"/index.php/tag/l-pow","/collections/all"
"/tag/l-rc1","/collections/all"
"/index.php/tag/l-rc1","/collections/all"
"/tag/l-smi","/collections/all"
"/index.php/tag/l-smi","/collections/all"
"/tag/l-stat","/collections/all"
"/index.php/tag/l-stat","/collections/all"
"/tag/l-studio","/collections/all"
"/index.php/tag/l-studio","/collections/all"
"/tag/l-term","/collections/all"
"/index.php/tag/l-term","/collections/all"
"/tag/l-vis","/collections/all"
"/index.php/tag/l-vis","/collections/all"
"/tag/l-web","/collections/all"
"/index.php/tag/l-web","/collections/all"
"/tag/lbox-600","/collections/all"
"/index.php/tag/lbox-600","/collections/all"
"/tag/ldali","/collections/all"
"/index.php/tag/ldali","/collections/all"
"/tag/ldali-ms2-bt","/collections/all"
"/index.php/tag/ldali-ms2-bt","/collections/all"
"/tag/ldali-ms3-bt","/collections/all"
"/index.php/tag/ldali-ms3-bt","/collections/all"
"/tag/ldali-ms4-bt","/collections/all"
"/index.php/tag/ldali-ms4-bt","/collections/all"
"/tag/ldali-pd1","/collections/all"
"/index.php/tag/ldali-pd1","/collections/all"
"/tag/ldali-pwm4","/collections/all"
"/index.php/tag/ldali-pwm4","/collections/all"
"/tag/ldali-pwr1-u","/collections/all"
"/index.php/tag/ldali-pwr1-u","/collections/all"
"/tag/ldali-pwr2-u","/collections/all"
"/index.php/tag/ldali-pwr2-u","/collections/all"
"/tag/ldali-pwr4-u","/collections/all"
"/index.php/tag/ldali-pwr4-u","/collections/all"
"/tag/ldali-rm5","/collections/all"
"/index.php/tag/ldali-rm5","/collections/all"
"/tag/ldali-rm6","/collections/all"
"/index.php/tag/ldali-rm6","/collections/all"
"/tag/ldali-rm8","/collections/all"
"/index.php/tag/ldali-rm8","/collections/all"
"/tag/lgate","/collections/all"
"/index.php/tag/lgate","/collections/all"
"/tag/lgate-902","/collections/all"
"/index.php/tag/lgate-902","/collections/all"
"/tag/lgate-952","/collections/all"
"/index.php/tag/lgate-952","/collections/all"
"/tag/lighting-control","/collections/lighting-control"
"/index.php/tag/lighting-control","/collections/lighting-control"
"/tag/lighting-sensor","/collections/all"
"/index.php/tag/lighting-sensor","/collections/all"
"/tag/lighting-software","/collections/all"
"/index.php/tag/lighting-software","/collections/all"
"/tag/linx-102-103","/collections/all"
"/index.php/tag/linx-102-103","/collections/all"
"/tag/linx-153-154","/collections/all"
"/index.php/tag/linx-153-154","/collections/all"
"/tag/linx-202-203","/collections/all"
"/index.php/tag/linx-202-203","/collections/all"
"/tag/linx-215","/collections/all"
"/index.php/tag/linx-215","/collections/all"
"/tag/liob-55x","/collections/all"
"/index.php/tag/liob-55x","/collections/all"
"/tag/liob-ip852","/collections/all"
"/index.php/tag/liob-ip852","/collections/all"
"/tag/lonmark","/collections/all"
"/index.php/tag/lonmark","/collections/all"
"/tag/loy-dali-sbm1","/collections/all"
"/index.php/tag/loy-dali-sbm1","/collections/all"
"/tag/loybt","/collections/all"
"/index.php/tag/loybt","/collections/all"
"/tag/loycnv","/collections/all"
"/index.php/tag/loycnv","/collections/all"
"/tag/loycnv-pt1008","/collections/all"
"/index.php/tag/loycnv-pt1008","/collections/all"
"/tag/loyrel","/collections/all"
"/index.php/tag/loyrel","/collections/all"
"/tag/loyrtu-485","/collections/all"
"/index.php/tag/loyrtu-485","/collections/all"
"/tag/loytec","/pages/loytec"
"/index.php/tag/loytec","/pages/loytec"
"/tag/loyuno-l","/collections/all"
"/index.php/tag/loyuno-l","/collections/all"
"/tag/lpad","/collections/all"
"/index.php/tag/lpad","/collections/all"
"/tag/lpow-2415a","/collections/all"
"/index.php/tag/lpow-2415a","/collections/all"
"/tag/lpow-2415b","/collections/all"
"/index.php/tag/lpow-2415b","/collections/all"
"/tag/lpow-2460b","/collections/all"
"/index.php/tag/lpow-2460b","/collections/all"
"/tag/lroc","/collections/all"
"/index.php/tag/lroc","/collections/all"
"/tag/lroc-40x-room-controller","/collections/all"
"/index.php/tag/lroc-40x-room-controller","/collections/all"
"/tag/lrs232","/collections/all"
"/index.php/tag/lrs232","/collections/all"
"/tag/lt-03","/collections/all"
"/index.php/tag/lt-03","/collections/all"
"/tag/lt-04","/collections/all"
"/index.php/tag/lt-04","/collections/all"
"/tag/lt-b4","/collections/all"
"/index.php/tag/lt-b4","/collections/all"
"/tag/lte","/collections/all"
"/index.php/tag/lte","/collections/all"
"/tag/lweb","/collections/all"
"/index.php/tag/lweb","/collections/all"
"/tag/lwlan","/collections/all"
"/index.php/tag/lwlan","/collections/all"
"/tag/m-bus","/collections/all"
"/index.php/tag/m-bus","/collections/all"
"/tag/matter","/collections/all"
"/index.php/tag/matter","/collections/all"
"/tag/modbus","/collections/all"
"/index.php/tag/modbus","/collections/all"
"/tag/modbus-fan-coil-thermostat","/collections/all"
"/index.php/tag/modbus-fan-coil-thermostat","/collections/all"
"/tag/modbus-network","/collections/all"
"/index.php/tag/modbus-network","/collections/all"
"/tag/modbus-rtu-32-ch-relay-module","/collections/all"
"/index.php/tag/modbus-rtu-32-ch-relay-module","/collections/all"
"/tag/morocco","/collections/all"
"/index.php/tag/morocco","/collections/all"
"/tag/mp-bus","/collections/all"
"/index.php/tag/mp-bus","/collections/all"
"/tag/network-terminator","/collections/all"
"/index.php/tag/network-terminator","/collections/all"
"/tag/nic","/collections/all"
"/index.php/tag/nic","/collections/all"
"/tag/phase-dimmer","/collections/all"
"/index.php/tag/phase-dimmer","/collections/all"
"/tag/power-supply","/collections/all"
"/index.php/tag/power-supply","/collections/all"
"/tag/presence-sensor","/collections/all"
"/index.php/tag/presence-sensor","/collections/all"
"/tag/projects","/collections/all"
"/index.php/tag/projects","/collections/all"
"/tag/push-dim","/collections/all"
"/index.php/tag/push-dim","/collections/all"
"/tag/pushbutton","/collections/all"
"/index.php/tag/pushbutton","/collections/all"
"/tag/pwm","/collections/all"
"/index.php/tag/pwm","/collections/all"
"/tag/qatar","/collections/all"
"/index.php/tag/qatar","/collections/all"
"/tag/relay","/collections/all"
"/index.php/tag/relay","/collections/all"
"/tag/relay-module","/collections/all"
"/index.php/tag/relay-module","/collections/all"
"/tag/repeater","/collections/all"
"/index.php/tag/repeater","/collections/all"
"/tag/robots","/collections/all"
"/index.php/tag/robots","/collections/all"
"/tag/room-controller","/collections/all"
"/index.php/tag/room-controller","/collections/all"
"/tag/room-controllers","/collections/all"
"/index.php/tag/room-controllers","/collections/all"
"/tag/routers","/collections/all"
"/index.php/tag/routers","/collections/all"
"/tag/rs-232","/collections/all"
"/index.php/tag/rs-232","/collections/all"
"/tag/rs485","/collections/all"
"/index.php/tag/rs485","/collections/all"
"/tag/sensor","/collections/all"
"/index.php/tag/sensor","/collections/all"
"/tag/sensors","/collections/all"
"/index.php/tag/sensors","/collections/all"
"/tag/shield","/collections/all"
"/index.php/tag/shield","/collections/all"
"/tag/signal-splitter","/collections/all"
"/index.php/tag/signal-splitter","/collections/all"
"/tag/smart-cameras","/collections/all"
"/index.php/tag/smart-cameras","/collections/all"
"/tag/smart-lights","/collections/all"
"/index.php/tag/smart-lights","/collections/all"
"/tag/smart_locks","/collections/all"
"/index.php/tag/smart_locks","/collections/all"
"/tag/smart_panels","/collections/all"
"/index.php/tag/smart_panels","/collections/all"
"/tag/smart-switch","/collections/all"
"/index.php/tag/smart-switch","/collections/all"
"/tag/smi","/collections/all"
"/index.php/tag/smi","/collections/all"
"/tag/software","/collections/all"
"/index.php/tag/software","/collections/all"
"/tag/speakers","/collections/all"
"/index.php/tag/speakers","/collections/all"
"/tag/switches","/collections/all"
"/index.php/tag/switches","/collections/all"
"/tag/thermostat","/collections/all"
"/index.php/tag/thermostat","/collections/all"
"/tag/thread","/collections/all"
"/index.php/tag/thread","/collections/all"
"/tag/touch-pad","/collections/all"
"/index.php/tag/touch-pad","/collections/all"
"/tag/touch-panels","/collections/all"
"/index.php/tag/touch-panels","/collections/all"
"/tag/touch-screen","/collections/all"
"/index.php/tag/touch-screen","/collections/all"
"/tag/touch-screens","/collections/all"
"/index.php/tag/touch-screens","/collections/all"
"/tag/tp-ft-10","/collections/all"
"/index.php/tag/tp-ft-10","/collections/all"
"/tag/tp-xf-1250","/collections/all"
"/index.php/tag/tp-xf-1250","/collections/all"
"/tag/triacs","/collections/all"
"/index.php/tag/triacs","/collections/all"
"/tag/uae","/collections/all"
"/index.php/tag/uae","/collections/all"
"/tag/usb","/collections/all"
"/index.php/tag/usb","/collections/all"
"/tag/wifi","/collections/all"
"/index.php/tag/wifi","/collections/all"
"/tag/wireless","/collections/all"
"/index.php/tag/wireless","/collections/all"
"/tag/zigbee","/collections/all"
"/index.php/tag/zigbee","/collections/all"
"/brand/sonoff","/collections/sonoff"
"/index.php/brand/sonoff","/collections/sonoff"
"/product-category/uncategorized","/collections/all"
"/index.php/product-category/uncategorized","/collections/all"
"/product-category/sonoff/sonoff-smart-controls/sonoff-central-control-panel","/collections/sonoff"
"/index.php/product-category/sonoff/sonoff-smart-controls/sonoff-central-control-panel","/collections/sonoff"
"/product-category/sonoff/sonoff-smart-controls/sonoff-diy-smart-switches","/collections/sonoff"
"/index.php/product-category/sonoff/sonoff-smart-controls/sonoff-diy-smart-switches","/collections/sonoff"
"/product-category/sonoff/sonoff-gateway-sensors/sonoff-dongle-series","/collections/sonoff"
"/index.php/product-category/sonoff/sonoff-gateway-sensors/sonoff-dongle-series","/collections/sonoff"
"/product-category/sonoff/sonoff-gateway-sensors","/collections/sonoff"
"/index.php/product-category/sonoff/sonoff-gateway-sensors","/collections/sonoff"
"/product-category/sonoff/sonoff-smart-controls","/collections/sonoff"
"/index.php/product-category/sonoff/sonoff-smart-controls","/collections/sonoff"
"/product-category/sonoff/sonoff-smart-controls/sonoff-smart-fusion-series","/collections/sonoff"
"/index.php/product-category/sonoff/sonoff-smart-controls/sonoff-smart-fusion-series","/collections/sonoff"
"/product-category/sonoff/sonoff-gateway-sensors/sonoff-smart-gateways","/collections/sonoff"
"/index.php/product-category/sonoff/sonoff-gateway-sensors/sonoff-smart-gateways","/collections/sonoff"
"/product-category/sonoff/sonoff-smart-controls/sonoff-smart-plugs","/collections/sonoff"
"/index.php/product-category/sonoff/sonoff-smart-controls/sonoff-smart-plugs","/collections/sonoff"
"/product-category/sonoff/sonoff-gateway-sensors/sonoff-smart-sensors","/collections/sonoff"
"/index.php/product-category/sonoff/sonoff-gateway-sensors/sonoff-smart-sensors","/collections/sonoff"
"/product-category/sonoff/sonoff-smart-controls/sonoff-smart-wall-switches","/collections/sonoff"
"/index.php/product-category/sonoff/sonoff-smart-controls/sonoff-smart-wall-switches","/collections/sonoff"
"/product-category/sonoff","/collections/sonoff"
"/index.php/product-category/sonoff","/collections/sonoff"
"/product-tag/alexa","/collections/all"
"/index.php/product-tag/alexa","/collections/all"
"/product-tag/apple-home","/collections/all"
"/index.php/product-tag/apple-home","/collections/all"
"/product-tag/ethernet","/collections/all"
"/index.php/product-tag/ethernet","/collections/all"
"/product-tag/ewelink","/collections/all"
"/index.php/product-tag/ewelink","/collections/all"
"/product-tag/google-home","/collections/all"
"/index.php/product-tag/google-home","/collections/all"
"/product-tag/matter","/collections/all"
"/index.php/product-tag/matter","/collections/all"
"/product-tag/usb","/collections/all"
"/index.php/product-tag/usb","/collections/all"
"/product-tag/wifi","/collections/all"
"/index.php/product-tag/wifi","/collections/all"
"/product-tag/zigbee","/collections/all"
"/index.php/product-tag/zigbee","/collections/all"
"/shop/page/2","/collections/all"
"/index.php/shop/page/2","/collections/all"
"/shop/page/3","/collections/all"
"/index.php/shop/page/3","/collections/all"
"/shop/page/4","/collections/all"
"/index.php/shop/page/4","/collections/all"
"/shop/page/6","/collections/all"
"/index.php/shop/page/6","/collections/all"
"/shop/page/7","/collections/all"
"/index.php/shop/page/7","/collections/all"
"/shop/page/8","/collections/all"
"/index.php/shop/page/8","/collections/all"
"/category/products/bms/bms-thermostat/page/2","/collections/bms"
"/index.php/category/products/bms/bms-thermostat/page/2","/collections/bms"
"/category/products/bms/page/2","/collections/bms"
"/index.php/category/products/bms/page/2","/collections/bms"
"/category/products/bms/page/3","/collections/bms"
"/index.php/category/products/bms/page/3","/collections/bms"
"/category/products/bms/page/6","/collections/bms"
"/index.php/category/products/bms/page/6","/collections/bms"
"/category/segments/buildings/page/2","/collections/all"
"/index.php/category/segments/buildings/page/2","/collections/all"
"/category/segments/buildings/page/3","/collections/all"
"/index.php/category/segments/buildings/page/3","/collections/all"
"/category/segments/buildings/page/4","/collections/all"
"/index.php/category/segments/buildings/page/4","/collections/all"
"/category/company/page/2","/pages/about"
"/index.php/category/company/page/2","/pages/about"
"/category/company/page/3","/pages/about"
"/index.php/category/company/page/3","/pages/about"
"/category/segments/connectivity/page/2","/collections/connectivity"
"/index.php/category/segments/connectivity/page/2","/collections/connectivity"
"/category/products/iot-home-automation/curtain-motors/page/2","/collections/home-automation"
"/index.php/category/products/iot-home-automation/curtain-motors/page/2","/collections/home-automation"
"/category/products/door-locks/page/2","/collections/all"
"/index.php/category/products/door-locks/page/2","/collections/all"
"/category/products/bms/gateway/page/2","/collections/bms"
"/index.php/category/products/bms/gateway/page/2","/collections/bms"
"/category/products/grms/page/2","/collections/grms"
"/index.php/category/products/grms/page/2","/collections/grms"
"/category/products/grms/page/3","/collections/grms"
"/index.php/category/products/grms/page/3","/collections/grms"
"/category/products/grms/page/6","/collections/grms"
"/index.php/category/products/grms/page/6","/collections/grms"
"/category/loytec/interfaces/page/2","/pages/loytec"
"/index.php/category/loytec/interfaces/page/2","/pages/loytec"
"/category/products/iot-home-automation/page/2","/collections/home-automation"
"/index.php/category/products/iot-home-automation/page/2","/collections/home-automation"
"/category/products/iot-home-automation/page/3","/collections/home-automation"
"/index.php/category/products/iot-home-automation/page/3","/collections/home-automation"
"/category/products/iot-home-automation/page/12","/collections/home-automation"
"/index.php/category/products/iot-home-automation/page/12","/collections/home-automation"
"/category/loytec/l-iob/page/2","/pages/loytec"
"/index.php/category/loytec/l-iob/page/2","/pages/loytec"
"/category/loytec/ldali/page/2","/pages/loytec"
"/index.php/category/loytec/ldali/page/2","/pages/loytec"
"/category/products/lighting-control/page/2","/collections/lighting-control"
"/index.php/category/products/lighting-control/page/2","/collections/lighting-control"
"/category/products/lighting-control/page/3","/collections/lighting-control"
"/index.php/category/products/lighting-control/page/3","/collections/lighting-control"
"/category/products/lighting-control/page/5","/collections/lighting-control"
"/index.php/category/products/lighting-control/page/5","/collections/lighting-control"
"/category/loytec/page/2","/pages/loytec"
"/index.php/category/loytec/page/2","/pages/loytec"
"/category/loytec/page/3","/pages/loytec"
"/index.php/category/loytec/page/3","/pages/loytec"
"/category/loytec/page/7","/pages/loytec"
"/index.php/category/loytec/page/7","/pages/loytec"
"/category/products/page/2","/collections/all"
"/index.php/category/products/page/2","/collections/all"
"/category/products/page/3","/collections/all"
"/index.php/category/products/page/3","/collections/all"
"/category/products/page/23","/collections/all"
"/index.php/category/products/page/23","/collections/all"
"/category/company/projects-and-references/page/2","/pages/projects"
"/index.php/category/company/projects-and-references/page/2","/pages/projects"
"/category/company/projects-and-references/page/3","/pages/projects"
"/index.php/category/company/projects-and-references/page/3","/pages/projects"
"/category/products/lighting-control/push-button/page/2","/collections/lighting-control"
"/index.php/category/products/lighting-control/push-button/page/2","/collections/lighting-control"
"/category/segments/page/2","/collections/all"
"/index.php/category/segments/page/2","/collections/all"
"/category/segments/page/3","/collections/all"
"/index.php/category/segments/page/3","/collections/all"
"/category/segments/page/5","/collections/all"
"/index.php/category/segments/page/5","/collections/all"
"/category/products/iot-home-automation/smart-cameras/page/2","/collections/home-automation"
"/index.php/category/products/iot-home-automation/smart-cameras/page/2","/collections/home-automation"
"/category/products/standalone/page/2","/collections/standalone"
"/index.php/category/products/standalone/page/2","/collections/standalone"
"/category/products/standalone/page/3","/collections/standalone"
"/index.php/category/products/standalone/page/3","/collections/standalone"
"/category/products/standalone/page/6","/collections/standalone"
"/index.php/category/products/standalone/page/6","/collections/standalone"
"/category/products/standalone/switches/page/2","/collections/standalone"
"/index.php/category/products/standalone/switches/page/2","/collections/standalone"
"/category/products/standalone/switches/page/3","/collections/standalone"
"/index.php/category/products/standalone/switches/page/3","/collections/standalone"
"/category/products/standalone/switches/page/4","/collections/standalone"
"/index.php/category/products/standalone/switches/page/4","/collections/standalone"
"/category/products/grms/thermostat-grms/page/2","/collections/grms"
"/index.php/category/products/grms/thermostat-grms/page/2","/collections/grms"
"/category/products/iot-home-automation/thermostat-ac-control/page/2","/collections/home-automation"
"/index.php/category/products/iot-home-automation/thermostat-ac-control/page/2","/collections/home-automation"
"/category/products/iot-home-automation/touch-pad-iot-home-automation/page/2","/collections/home-automation"
"/index.php/category/products/iot-home-automation/touch-pad-iot-home-automation/page/2","/collections/home-automation"
"/category/products/grms/touch-pad/page/2","/collections/grms"
"/index.php/category/products/grms/touch-pad/page/2","/collections/grms"
"/category/products/grms/touch-pad/page/3","/collections/grms"
"/index.php/category/products/grms/touch-pad/page/3","/collections/grms"
"/category/company/projects-and-references/uae/page/2","/pages/projects"
"/index.php/category/company/projects-and-references/uae/page/2","/pages/projects"
"/tag/bms/page/2","/collections/bms"
"/index.php/tag/bms/page/2","/collections/bms"
"/tag/curtain-motors/page/2","/collections/all"
"/index.php/tag/curtain-motors/page/2","/collections/all"
"/tag/dali/page/2","/collections/all"
"/index.php/tag/dali/page/2","/collections/all"
"/tag/door-lock/page/2","/collections/all"
"/index.php/tag/door-lock/page/2","/collections/all"
"/tag/gateway/page/2","/collections/all"
"/index.php/tag/gateway/page/2","/collections/all"
"/tag/kepler/page/2","/collections/all"
"/index.php/tag/kepler/page/2","/collections/all"
"/tag/kepler/page/3","/collections/all"
"/index.php/tag/kepler/page/3","/collections/all"
"/tag/kepler/page/4","/collections/all"
"/index.php/tag/kepler/page/4","/collections/all"
"/tag/l-iob/page/2","/collections/all"
"/index.php/tag/l-iob/page/2","/collections/all"
"/tag/lighting-control/page/2","/collections/lighting-control"
"/index.php/tag/lighting-control/page/2","/collections/lighting-control"
"/tag/loytec/page/2","/pages/loytec"
"/index.php/tag/loytec/page/2","/pages/loytec"
"/tag/loytec/page/3","/pages/loytec"
"/index.php/tag/loytec/page/3","/pages/loytec"
"/tag/loytec/page/6","/pages/loytec"
"/index.php/tag/loytec/page/6","/pages/loytec"
"/tag/projects/page/2","/collections/all"
"/index.php/tag/projects/page/2","/collections/all"
"/tag/projects/page/3","/collections/all"
"/index.php/tag/projects/page/3","/collections/all"
"/tag/smart-cameras/page/2","/collections/all"
"/index.php/tag/smart-cameras/page/2","/collections/all"
"/tag/switches/page/2","/collections/all"
"/index.php/tag/switches/page/2","/collections/all"
"/tag/switches/page/3","/collections/all"
"/index.php/tag/switches/page/3","/collections/all"
"/tag/switches/page/4","/collections/all"
"/index.php/tag/switches/page/4","/collections/all"
"/tag/thermostat/page/2","/collections/all"
"/index.php/tag/thermostat/page/2","/collections/all"
"/tag/touch-pad/page/2","/collections/all"
"/index.php/tag/touch-pad/page/2","/collections/all"
"/tag/touch-pad/page/3","/collections/all"
"/index.php/tag/touch-pad/page/3","/collections/all"
"/tag/touch-pad/page/4","/collections/all"
"/index.php/tag/touch-pad/page/4","/collections/all"
"/tag/uae/page/2","/collections/all"
"/index.php/tag/uae/page/2","/collections/all"
"/brand/sonoff/page/2","/collections/sonoff"
"/index.php/brand/sonoff/page/2","/collections/sonoff"
"/brand/sonoff/page/3","/collections/sonoff"
"/index.php/brand/sonoff/page/3","/collections/sonoff"
"/brand/sonoff/page/4","/collections/sonoff"
"/index.php/brand/sonoff/page/4","/collections/sonoff"
"/brand/sonoff/page/5","/collections/sonoff"
"/index.php/brand/sonoff/page/5","/collections/sonoff"
"/product-category/uncategorized/page/2","/collections/all"
"/index.php/product-category/uncategorized/page/2","/collections/all"
"/product-category/uncategorized/page/3","/collections/all"
"/index.php/product-category/uncategorized/page/3","/collections/all"
"/product-category/uncategorized/page/4","/collections/all"
"/index.php/product-category/uncategorized/page/4","/collections/all"
"/product-category/sonoff/sonoff-smart-controls/sonoff-diy-smart-switches/page/2","/collections/sonoff"
"/index.php/product-category/sonoff/sonoff-smart-controls/sonoff-diy-smart-switches/page/2","/collections/sonoff"
"/product-category/sonoff/sonoff-smart-controls/sonoff-smart-fusion-series/page/2","/collections/sonoff"
"/index.php/product-category/sonoff/sonoff-smart-controls/sonoff-smart-fusion-series/page/2","/collections/sonoff"
"/product-tag/matter/page/2","/collections/all"
"/index.php/product-tag/matter/page/2","/collections/all"
"/product-tag/wifi/page/2","/collections/all"
"/index.php/product-tag/wifi/page/2","/collections/all"
"/product-tag/wifi/page/3","/collections/all"
"/index.php/product-tag/wifi/page/3","/collections/all"
"/product-tag/zigbee/page/2","/collections/all"
"/index.php/product-tag/zigbee/page/2","/collections/all"
"/shop/page/1","/collections/all"
"/index.php/shop/page/1","/collections/all"
"/shop/page/5","/collections/all"
"/index.php/shop/page/5","/collections/all"
"/category/products/bms/page/4","/collections/bms"
"/index.php/category/products/bms/page/4","/collections/bms"
"/category/products/bms/page/5","/collections/bms"
"/index.php/category/products/bms/page/5","/collections/bms"
"/category/products/grms/page/4","/collections/grms"
"/index.php/category/products/grms/page/4","/collections/grms"
"/category/products/grms/page/5","/collections/grms"
"/index.php/category/products/grms/page/5","/collections/grms"
"/category/products/iot-home-automation/page/4","/collections/home-automation"
"/index.php/category/products/iot-home-automation/page/4","/collections/home-automation"
"/category/products/iot-home-automation/page/5","/collections/home-automation"
"/index.php/category/products/iot-home-automation/page/5","/collections/home-automation"
"/category/products/iot-home-automation/page/11","/collections/home-automation"
"/index.php/category/products/iot-home-automation/page/11","/collections/home-automation"
"/category/products/iot-home-automation/page/10","/collections/home-automation"
"/index.php/category/products/iot-home-automation/page/10","/collections/home-automation"
"/category/products/lighting-control/page/4","/collections/lighting-control"
"/index.php/category/products/lighting-control/page/4","/collections/lighting-control"
"/category/loytec/page/4","/pages/loytec"
"/index.php/category/loytec/page/4","/pages/loytec"
"/category/loytec/page/5","/pages/loytec"
"/index.php/category/loytec/page/5","/pages/loytec"
"/category/loytec/page/6","/pages/loytec"
"/index.php/category/loytec/page/6","/pages/loytec"
"/category/products/page/4","/collections/all"
"/index.php/category/products/page/4","/collections/all"
"/category/products/page/5","/collections/all"
"/index.php/category/products/page/5","/collections/all"
"/category/products/page/22","/collections/all"
"/index.php/category/products/page/22","/collections/all"
"/category/products/page/21","/collections/all"
"/index.php/category/products/page/21","/collections/all"
"/category/segments/page/4","/collections/all"
"/index.php/category/segments/page/4","/collections/all"
"/category/products/standalone/page/4","/collections/standalone"
"/index.php/category/products/standalone/page/4","/collections/standalone"
"/category/products/standalone/page/5","/collections/standalone"
"/index.php/category/products/standalone/page/5","/collections/standalone"
"/tag/loytec/page/4","/pages/loytec"
"/index.php/tag/loytec/page/4","/pages/loytec"
"/tag/loytec/page/5","/pages/loytec"
"/index.php/tag/loytec/page/5","/pages/loytec"
"/brand/sonoff/page/1","/collections/sonoff"
"/index.php/brand/sonoff/page/1","/collections/sonoff"
"/product-category/uncategorized/page/1","/collections/all"
"/index.php/product-category/uncategorized/page/1","/collections/all"
"/product-category/sonoff/sonoff-smart-controls/sonoff-diy-smart-switches/page/1","/collections/sonoff"
"/index.php/product-category/sonoff/sonoff-smart-controls/sonoff-diy-smart-switches/page/1","/collections/sonoff"
"/product-category/sonoff/sonoff-smart-controls/sonoff-smart-fusion-series/page/1","/collections/sonoff"
"/index.php/product-category/sonoff/sonoff-smart-controls/sonoff-smart-fusion-series/page/1","/collections/sonoff"
"/product-tag/matter/page/1","/collections/all"
"/index.php/product-tag/matter/page/1","/collections/all"
"/product-tag/wifi/page/1","/collections/all"
"/index.php/product-tag/wifi/page/1","/collections/all"
"/product-tag/zigbee/page/1","/collections/all"
"/index.php/product-tag/zigbee/page/1","/collections/all"
"/category/products/iot-home-automation/page/6","/collections/home-automation"
"/index.php/category/products/iot-home-automation/page/6","/collections/home-automation"
"/category/products/iot-home-automation/page/7","/collections/home-automation"
"/index.php/category/products/iot-home-automation/page/7","/collections/home-automation"
"/category/products/iot-home-automation/page/9","/collections/home-automation"
"/index.php/category/products/iot-home-automation/page/9","/collections/home-automation"
"/category/products/iot-home-automation/page/8","/collections/home-automation"
"/index.php/category/products/iot-home-automation/page/8","/collections/home-automation"
"/category/products/page/6","/collections/all"
"/index.php/category/products/page/6","/collections/all"
"/category/products/page/7","/collections/all"
"/index.php/category/products/page/7","/collections/all"
"/category/products/page/20","/collections/all"
"/index.php/category/products/page/20","/collections/all"
"/category/products/page/19","/collections/all"
"/index.php/category/products/page/19","/collections/all"
"/category/products/page/8","/collections/all"
"/index.php/category/products/page/8","/collections/all"
"/category/products/page/9","/collections/all"
"/index.php/category/products/page/9","/collections/all"
"/category/products/page/18","/collections/all"
"/index.php/category/products/page/18","/collections/all"
"/category/products/page/17","/collections/all"
"/index.php/category/products/page/17","/collections/all"
"/category/products/page/10","/collections/all"
"/index.php/category/products/page/10","/collections/all"
"/category/products/page/11","/collections/all"
"/index.php/category/products/page/11","/collections/all"
"/category/products/page/16","/collections/all"
"/index.php/category/products/page/16","/collections/all"
"/category/products/page/15","/collections/all"
"/index.php/category/products/page/15","/collections/all"
"/category/products/page/12","/collections/all"
"/index.php/category/products/page/12","/collections/all"
"/category/products/page/13","/collections/all"
"/index.php/category/products/page/13","/collections/all"
"/category/products/page/14","/collections/all"
"/index.php/category/products/page/14","/collections/all"
